Table name: kf_integration_data Last updated: Feb 26. 2024 6:43 AM;;;;;;;;;;;;;;;
transaction_id;date;branch_id;branch_name;kota;provinsi;rating_cabang;customer_name;product_id;product_name;actual_price;discount_percentage;persentase_gross_laba;nett_sales;nett_profit;rating_transaksi
TRX7396209;17/11/2021;16339;Kimia Farma - Apotek;Subang;Jawa Barat;4.7;Amber Ramsey;KF601;Psycholeptics drugs. Anxiolytic drugs;512000;0.04;0.3;491520;147456;3.3
TRX9751260;25/02/2023;63673;Kimia Farma - Apotek;Sorong;Papua Barat;4.8;Debra Diaz;KF601;Psycholeptics drugs. Anxiolytic drugs;512000;0.04;0.3;491520;147456;3.7
TRX1747393;08/10/2022;17469;Kimia Farma - Apotek;Lubuklinggau;Sumatera Selatan;3.9;Suzanne Gutierrez;KF601;Psycholeptics drugs. Anxiolytic drugs;512000;0.04;0.3;491520;147456;4.7
TRX6806967;08/07/2022;82202;Kimia Farma - Apotek;Jambi;Jambi;4.1;Erin Little;KF601;Psycholeptics drugs. Anxiolytic drugs;512000;0.04;0.3;491520;147456;3.7
TRX3678735;23/05/2021;36256;Kimia Farma - Apotek;Sukabumi;Jawa Barat;4.1;Oscar Valdez;KF601;Psycholeptics drugs. Anxiolytic drugs;512000;0.04;0.3;491520;147456;3.6
TRX1054883;01/05/2022;60481;Kimia Farma - Apotek;Pekanbaru;Riau;4.1;Andrew Clark;KF601;Psycholeptics drugs. Anxiolytic drugs;512000;0.04;0.3;491520;147456;4.5
TRX3390466;05/10/2022;35019;Kimia Farma - Apotek;Banjarmasin;Kalimantan Selatan;5;Patricia Morrow;KF601;Psycholeptics drugs. Anxiolytic drugs;512000;0.04;0.3;491520;147456;3.7
TRX1666930;29/05/2022;28557;Kimia Farma - Apotek;Jambi;Jambi;4.5;Christina Mathews;KF601;Psycholeptics drugs. Anxiolytic drugs;512000;0.04;0.3;491520;147456;3.6
TRX6316857;06/08/2022;21490;Kimia Farma - Apotek;Jayapura;Papua;4.1;Debbie Vaughn;KF601;Psycholeptics drugs. Anxiolytic drugs;512000;0.04;0.3;491520;147456;3.8
TRX8132922;13/11/2023;92899;Kimia Farma - Apotek;Dumai;Riau;4.7;Darlene Kennedy;KF601;Psycholeptics drugs. Anxiolytic drugs;512000;0.04;0.3;491520;147456;3.2
TRX3678735;23/05/2021;36256;Kimia Farma - Apotek;Sukabumi;Jawa Barat;4.1;Oscar Valdez;KF601;Psycholeptics drugs. Anxiolytic drugs;512000;0.04;0.3;491520;147456;3.6
TRX6016673;26/12/2021;41131;Kimia Farma - Apotek;Yogyakarta;DI Yogyakarta;4.8;Jasmin Wood;KF601;Psycholeptics drugs. Anxiolytic drugs;512000;0.04;0.3;491520;147456;4.2
TRX9689604;08/09/2020;13935;Kimia Farma - Apotek;Tebing Tinggi;Sumatera Utara;4.5;Rachel Wells;KF601;Psycholeptics drugs. Anxiolytic drugs;512000;0.04;0.3;491520;147456;3.4
TRX5693869;12/05/2020;43007;Kimia Farma - Apotek;Ciamis;Jawa Barat;4;Mary Grant;KF601;Psycholeptics drugs. Anxiolytic drugs;512000;0.04;0.3;491520;147456;4
TRX7698521;16/12/2023;58928;Kimia Farma - Apotek;Solok;Sumatera Barat;4;Marissa Oneal;KF601;Psycholeptics drugs. Anxiolytic drugs;512000;0.04;0.3;491520;147456;3.2
TRX7001193;10/10/2021;34844;Kimia Farma - Apotek;Lubuklinggau;Sumatera Selatan;4.1;Cristina Cole;KF601;Psycholeptics drugs. Anxiolytic drugs;512000;0.04;0.3;491520;147456;3.2
TRX5299472;14/01/2023;59449;Kimia Farma - Apotek;Indramayu;Jawa Barat;4.1;Katherine Young;KF601;Psycholeptics drugs. Anxiolytic drugs;512000;0.04;0.3;491520;147456;4.9
TRX3169600;09/11/2023;59559;Kimia Farma - Apotek;Yogyakarta;DI Yogyakarta;4.5;Andrew Peterson;KF601;Psycholeptics drugs. Anxiolytic drugs;512000;0.04;0.3;491520;147456;4.9
TRX9173715;03/04/2022;12558;Kimia Farma - Apotek;Kendari;Sulawesi Tenggara;4.4;Thomas Ward;KF601;Psycholeptics drugs. Anxiolytic drugs;512000;0.04;0.3;491520;147456;4.3
TRX4087575;13/05/2022;23248;Kimia Farma - Apotek;Bima;Nusa Tenggara Barat;4.1;Jason Huff;KF601;Psycholeptics drugs. Anxiolytic drugs;512000;0.04;0.3;491520;147456;4.4
TRX4754507;26/03/2021;58928;Kimia Farma - Apotek;Solok;Sumatera Barat;4;Emily Prince;KF132;Psycholeptics drugs. Hypnotics and sedatives drugs;6400;0.15;0.1;5440;544;4.9
TRX9056342;08/04/2021;81487;Kimia Farma - Apotek;Lhokseumawe;Aceh;4.8;James Warren;KF132;Psycholeptics drugs. Hypnotics and sedatives drugs;6400;0.15;0.1;5440;544;4.5
TRX9297868;19/11/2022;89840;Kimia Farma - Apotek;Makassar;Sulawesi Selatan;4.9;Jim Russell;KF132;Psycholeptics drugs. Hypnotics and sedatives drugs;6400;0.15;0.1;5440;544;3.4
TRX2390295;22/04/2021;69761;Kimia Farma - Apotek;Subang;Jawa Barat;4.9;Jacqueline Lawson;KF132;Psycholeptics drugs. Hypnotics and sedatives drugs;6400;0.15;0.1;5440;544;4.7
TRX5216784;05/02/2021;25951;Kimia Farma - Apotek;Pekanbaru;Riau;4.5;Gary Thompson;KF132;Psycholeptics drugs. Hypnotics and sedatives drugs;6400;0.15;0.1;5440;544;3.8
TRX3687398;13/12/2022;65560;Kimia Farma - Apotek;Balikpapan;Kalimantan Timur;4.7;Samantha Neal;KF132;Psycholeptics drugs. Hypnotics and sedatives drugs;6400;0.15;0.1;5440;544;4.3
TRX4754507;26/03/2021;58928;Kimia Farma - Apotek;Solok;Sumatera Barat;4;Emily Prince;KF132;Psycholeptics drugs. Hypnotics and sedatives drugs;6400;0.15;0.1;5440;544;4.9
TRX2988714;04/01/2021;74030;Kimia Farma - Apotek;Bitung;Sulawesi Utara;4.5;John Williamson;KF132;Psycholeptics drugs. Hypnotics and sedatives drugs;6400;0.15;0.1;5440;544;3.5
TRX4981700;03/06/2023;79455;Kimia Farma - Apotek;Mataram;Nusa Tenggara Barat;4.8;Megan Clark;KF132;Psycholeptics drugs. Hypnotics and sedatives drugs;6400;0.15;0.1;5440;544;3.4
TRX9251495;07/09/2021;49758;Kimia Farma - Apotek;Pematangsiantar;Sumatera Utara;4.7;Lauren Collins;KF132;Psycholeptics drugs. Hypnotics and sedatives drugs;6400;0.15;0.1;5440;544;4.4
TRX9056342;08/04/2021;81487;Kimia Farma - Apotek;Lhokseumawe;Aceh;4.8;James Warren;KF132;Psycholeptics drugs. Hypnotics and sedatives drugs;6400;0.15;0.1;5440;544;4.5
TRX4981700;03/06/2023;79455;Kimia Farma - Apotek;Mataram;Nusa Tenggara Barat;4.8;Megan Clark;KF132;Psycholeptics drugs. Hypnotics and sedatives drugs;6400;0.15;0.1;5440;544;3.4
TRX5314482;31/03/2020;79455;Kimia Farma - Apotek;Mataram;Nusa Tenggara Barat;4.8;Eric Webb;KF132;Psycholeptics drugs. Hypnotics and sedatives drugs;6400;0.1;0.1;5760;576;3.3
TRX9553390;22/02/2021;17469;Kimia Farma - Apotek;Lubuklinggau;Sumatera Selatan;3.9;Jeffrey Nicholson;KF132;Psycholeptics drugs. Hypnotics and sedatives drugs;6400;0.1;0.1;5760;576;4.7
TRX2237185;25/05/2020;61007;Kimia Farma - Apotek;Purwakarta;Jawa Barat;4;Marc Moore;KF132;Psycholeptics drugs. Hypnotics and sedatives drugs;6400;0.1;0.1;5760;576;4.6
TRX3485539;06/08/2020;75720;Kimia Farma - Apotek;Sukabumi;Jawa Barat;4.5;John Diaz;KF132;Psycholeptics drugs. Hypnotics and sedatives drugs;6400;0.1;0.1;5760;576;4
TRX3173330;12/04/2023;44155;Kimia Farma - Apotek;Jayapura;Papua;5;Rebecca Walton;KF132;Psycholeptics drugs. Hypnotics and sedatives drugs;6400;0.1;0.1;5760;576;3.9
TRX4724225;14/07/2022;65948;Kimia Farma - Apotek;Tarakan;Kalimantan Utara;4.4;Megan Robinson;KF132;Psycholeptics drugs. Hypnotics and sedatives drugs;6400;0.1;0.1;5760;576;3.3
TRX3255535;06/02/2020;36953;Kimia Farma - Apotek;Cilacap;Jawa Tengah;5;Ryan Mason DDS;KF132;Psycholeptics drugs. Hypnotics and sedatives drugs;6400;0.1;0.1;5760;576;3.1
TRX3255535;06/02/2020;36953;Kimia Farma - Apotek;Cilacap;Jawa Tengah;5;Ryan Mason DDS;KF132;Psycholeptics drugs. Hypnotics and sedatives drugs;6400;0.1;0.1;5760;576;3.1
TRX2842666;30/08/2023;63103;Kimia Farma - Apotek;Pematangsiantar;Sumatera Utara;5;Diamond Johnson;KF132;Psycholeptics drugs. Hypnotics and sedatives drugs;6400;0.1;0.1;5760;576;4.5
TRX8501835;13/05/2020;74753;Kimia Farma - Apotek;Magelang;Jawa Tengah;4.6;Shelly Ashley;KF132;Psycholeptics drugs. Hypnotics and sedatives drugs;6400;0.1;0.1;5760;576;3.2
TRX4522234;17/05/2020;25945;Kimia Farma - Apotek;Padang;Sumatera Barat;4.1;George Lara;KF132;Psycholeptics drugs. Hypnotics and sedatives drugs;6400;0.1;0.1;5760;576;4.7
TRX8501835;13/05/2020;74753;Kimia Farma - Apotek;Magelang;Jawa Tengah;4.6;Shelly Ashley;KF132;Psycholeptics drugs. Hypnotics and sedatives drugs;6400;0.1;0.1;5760;576;3.2
TRX8431506;11/12/2023;23471;Kimia Farma - Apotek;Kendari;Sulawesi Tenggara;4.3;Michael Compton;KF132;Psycholeptics drugs. Hypnotics and sedatives drugs;6400;0.1;0.1;5760;576;3.8
TRX3810154;03/08/2021;98345;Kimia Farma - Apotek;Makassar;Sulawesi Selatan;4.7;Scott Mcpherson;KF132;Psycholeptics drugs. Hypnotics and sedatives drugs;6400;0.1;0.1;5760;576;3.6
TRX5221005;26/04/2021;90206;Kimia Farma - Apotek;Kotamobagu;Sulawesi Utara;4.7;Brandy Schultz;KF132;Psycholeptics drugs. Hypnotics and sedatives drugs;6400;0.1;0.1;5760;576;3.1
TRX4697441;10/11/2023;59449;Kimia Farma - Apotek;Indramayu;Jawa Barat;4.1;Dr. Bradley Cohen;KF132;Psycholeptics drugs. Hypnotics and sedatives drugs;6400;0.1;0.1;5760;576;4.7
TRX6510936;29/06/2020;34489;Kimia Farma - Apotek;Garut;Jawa Barat;4.4;Sheila Lane;KF132;Psycholeptics drugs. Hypnotics and sedatives drugs;6400;0.1;0.1;5760;576;4.8
TRX3412507;23/06/2022;45422;Kimia Farma - Apotek;Ternate;Maluku Utara;3.9;Tina Kaufman;KF132;Psycholeptics drugs. Hypnotics and sedatives drugs;6400;0.1;0.1;5760;576;4.6
TRX8014168;18/12/2023;88089;Kimia Farma - Apotek;Indramayu;Jawa Barat;4.1;Cassandra Shelton;KF132;Psycholeptics drugs. Hypnotics and sedatives drugs;6400;0.1;0.1;5760;576;4.8
TRX4733948;04/02/2021;82894;Kimia Farma - Apotek;Tomohon;Sulawesi Utara;4.5;Christopher Russell;KF132;Psycholeptics drugs. Hypnotics and sedatives drugs;6400;0.05;0.1;6080;608;3.9
TRX6235930;03/09/2020;90913;Kimia Farma - Apotek;Gorontalo;Gorontalo;4.8;Diane Hansen;KF132;Psycholeptics drugs. Hypnotics and sedatives drugs;6400;0.05;0.1;6080;608;4.5
TRX7143572;15/03/2022;41183;Kimia Farma - Apotek;Gorontalo;Gorontalo;4.8;Linda Andrade;KF132;Psycholeptics drugs. Hypnotics and sedatives drugs;6400;0.05;0.1;6080;608;3.1
TRX1191509;23/11/2022;56478;Kimia Farma - Apotek;Tasikmalaya;Jawa Barat;4;Patricia Gallagher;KF132;Psycholeptics drugs. Hypnotics and sedatives drugs;6400;0.05;0.1;6080;608;4.3
TRX9160120;31/03/2023;60936;Kimia Farma - Apotek;Subang;Jawa Barat;4.8;Christopher Contreras;KF132;Psycholeptics drugs. Hypnotics and sedatives drugs;6400;0.05;0.1;6080;608;3.1
TRX8882044;15/05/2022;54372;Kimia Farma - Apotek;Padang;Sumatera Barat;4.2;David Guerrero;KF132;Psycholeptics drugs. Hypnotics and sedatives drugs;6400;0.05;0.1;6080;608;3.3
TRX6761306;25/11/2021;58219;Kimia Farma - Apotek;Magelang;Jawa Tengah;4.3;Mr. Richard Dickerson;KF132;Psycholeptics drugs. Hypnotics and sedatives drugs;6400;0.05;0.1;6080;608;3.8
TRX4869833;12/12/2021;42820;Kimia Farma - Apotek;Mataram;Nusa Tenggara Barat;4.1;Kimberly Baker;KF132;Psycholeptics drugs. Hypnotics and sedatives drugs;6400;0.05;0.1;6080;608;3.7
TRX2639688;16/07/2023;42273;Kimia Farma - Apotek;Ternate;Maluku Utara;4.2;Rebecca Howard;KF132;Psycholeptics drugs. Hypnotics and sedatives drugs;6400;0.05;0.1;6080;608;4.1
TRX6411296;19/10/2023;20261;Kimia Farma - Apotek;Garut;Jawa Barat;4.3;Kevin Goodman;KF132;Psycholeptics drugs. Hypnotics and sedatives drugs;6400;0.05;0.1;6080;608;3.2
TRX6920492;13/05/2021;48130;Kimia Farma - Apotek;Tasikmalaya;Jawa Barat;4.7;Samantha Aguilar;KF132;Psycholeptics drugs. Hypnotics and sedatives drugs;6400;0.05;0.1;6080;608;4.5
TRX8284302;02/10/2022;15370;Kimia Farma - Apotek;Palembang;Sumatera Selatan;4.1;Cheryl Simpson;KF132;Psycholeptics drugs. Hypnotics and sedatives drugs;6400;0.05;0.1;6080;608;4.8
TRX9237332;28/04/2023;63103;Kimia Farma - Apotek;Pematangsiantar;Sumatera Utara;5;Joseph Ward;KF132;Psycholeptics drugs. Hypnotics and sedatives drugs;6400;0.05;0.1;6080;608;3.6
TRX7220334;10/06/2020;73436;Kimia Farma - Apotek;Jambi;Jambi;4.4;Jennifer Hanna;KF132;Psycholeptics drugs. Hypnotics and sedatives drugs;6400;0.05;0.1;6080;608;3.9
TRX1253567;08/09/2022;63214;Kimia Farma - Apotek;Tarakan;Kalimantan Utara;4.5;Debra Johnson;KF132;Psycholeptics drugs. Hypnotics and sedatives drugs;6400;0.05;0.1;6080;608;3.1
TRX6135703;19/01/2023;50780;Kimia Farma - Apotek;Bitung;Sulawesi Utara;4.8;Janet Weaver;KF132;Psycholeptics drugs. Hypnotics and sedatives drugs;6400;0.05;0.1;6080;608;5
TRX9651258;01/11/2020;17863;Kimia Farma - Apotek;Gorontalo;Gorontalo;4.7;Jason James;KF132;Psycholeptics drugs. Hypnotics and sedatives drugs;6400;0.05;0.1;6080;608;4.8
TRX1125739;07/01/2020;26671;Kimia Farma - Apotek;Pangkalpinang;Bangka Belitung;4.1;Shane Ramirez;KF132;Psycholeptics drugs. Hypnotics and sedatives drugs;6400;0.05;0.1;6080;608;4.3
TRX9781808;29/05/2023;59559;Kimia Farma - Apotek;Yogyakarta;DI Yogyakarta;4.5;Daniel Lee;KF132;Psycholeptics drugs. Hypnotics and sedatives drugs;6400;0.05;0.1;6080;608;4.7
TRX6920492;13/05/2021;48130;Kimia Farma - Apotek;Tasikmalaya;Jawa Barat;4.7;Samantha Aguilar;KF132;Psycholeptics drugs. Hypnotics and sedatives drugs;6400;0.05;0.1;6080;608;4.5
TRX4857306;08/10/2023;95120;Kimia Farma - Apotek;Garut;Jawa Barat;4.6;Randall Taylor;KF132;Psycholeptics drugs. Hypnotics and sedatives drugs;6400;0.05;0.1;6080;608;4.8
TRX9283086;01/08/2023;79725;Kimia Farma - Apotek;Pematangsiantar;Sumatera Utara;4.8;Diane Mann;KF132;Psycholeptics drugs. Hypnotics and sedatives drugs;6400;0.05;0.1;6080;608;4.4
TRX6837691;17/06/2023;86446;Kimia Farma - Apotek;Bitung;Sulawesi Utara;4.1;Bobby Jenkins;KF132;Psycholeptics drugs. Hypnotics and sedatives drugs;6400;0;0.1;6400;640;4.4
TRX1175521;12/07/2022;59607;Kimia Farma - Apotek;Magelang;Jawa Tengah;4.3;Javier Lewis;KF132;Psycholeptics drugs. Hypnotics and sedatives drugs;6400;0;0.1;6400;640;4.1
TRX8408357;25/08/2023;25951;Kimia Farma - Apotek;Pekanbaru;Riau;4.5;Thomas Velasquez;KF132;Psycholeptics drugs. Hypnotics and sedatives drugs;6400;0;0.1;6400;640;3.4
TRX2737565;07/10/2023;26671;Kimia Farma - Apotek;Pangkalpinang;Bangka Belitung;4.1;Chase Moore;KF132;Psycholeptics drugs. Hypnotics and sedatives drugs;6400;0;0.1;6400;640;3.7
TRX8477220;28/05/2020;52060;Kimia Farma - Apotek;Sibolga;Sumatera Utara;4.2;Elizabeth Reese;KF132;Psycholeptics drugs. Hypnotics and sedatives drugs;6400;0;0.1;6400;640;3.4
TRX2735782;18/02/2022;81487;Kimia Farma - Apotek;Lhokseumawe;Aceh;4.8;Justin Fuentes;KF132;Psycholeptics drugs. Hypnotics and sedatives drugs;6400;0;0.1;6400;640;4.6
TRX6444904;08/11/2020;33488;Kimia Farma - Apotek;Denpasar;Bali;4.8;Molly Carlson;KF132;Psycholeptics drugs. Hypnotics and sedatives drugs;6400;0;0.1;6400;640;3.1
TRX3306143;26/08/2023;45072;Kimia Farma - Apotek;Surabaya;Jawa Timur;4.7;Joseph Clark;KF132;Psycholeptics drugs. Hypnotics and sedatives drugs;6400;0;0.1;6400;640;4.5
TRX1175521;12/07/2022;59607;Kimia Farma - Apotek;Magelang;Jawa Tengah;4.3;Javier Lewis;KF132;Psycholeptics drugs. Hypnotics and sedatives drugs;6400;0;0.1;6400;640;4.1
TRX5309371;22/06/2020;52192;Kimia Farma - Apotek;Karawang;Jawa Barat;4.2;Brandon Barber;KF132;Psycholeptics drugs. Hypnotics and sedatives drugs;6400;0;0.1;6400;640;4.7
TRX6890081;28/03/2021;47503;Kimia Farma - Apotek;Denpasar;Bali;4.1;Corey Campos;KF132;Psycholeptics drugs. Hypnotics and sedatives drugs;6400;0;0.1;6400;640;3.4
TRX3647414;19/02/2023;55000;Kimia Farma - Apotek;Makassar;Sulawesi Selatan;4;Danielle Ward;KF132;Psycholeptics drugs. Hypnotics and sedatives drugs;6400;0;0.1;6400;640;4.2
TRX7199681;12/11/2020;28401;Kimia Farma - Apotek;Magelang;Jawa Tengah;3.9;Megan Coleman;KF132;Psycholeptics drugs. Hypnotics and sedatives drugs;6400;0;0.1;6400;640;3.9
TRX1175521;12/07/2022;59607;Kimia Farma - Apotek;Magelang;Jawa Tengah;4.3;Javier Lewis;KF132;Psycholeptics drugs. Hypnotics and sedatives drugs;6400;0;0.1;6400;640;4.1
TRX5700726;25/02/2022;63942;Kimia Farma - Apotek;Bandung;Jawa Barat;5;Kelsey Fox;KF132;Psycholeptics drugs. Hypnotics and sedatives drugs;6400;0;0.1;6400;640;3.2
TRX4799546;15/06/2023;21410;Kimia Farma - Apotek;Mataram;Nusa Tenggara Barat;4.2;Kathleen Woods;KF132;Psycholeptics drugs. Hypnotics and sedatives drugs;6400;0;0.1;6400;640;4.8
TRX1454178;01/04/2022;50270;Kimia Farma - Apotek;Madiun;Jawa Timur;4.5;Angel Martin;KF132;Psycholeptics drugs. Hypnotics and sedatives drugs;6400;0;0.1;6400;640;4.1
TRX1878665;13/04/2021;48130;Kimia Farma - Apotek;Tasikmalaya;Jawa Barat;4.7;Daniel Reid;KF132;Psycholeptics drugs. Hypnotics and sedatives drugs;6400;0;0.1;6400;640;4
TRX3306143;26/08/2023;45072;Kimia Farma - Apotek;Surabaya;Jawa Timur;4.7;Joseph Clark;KF132;Psycholeptics drugs. Hypnotics and sedatives drugs;6400;0;0.1;6400;640;4.5
TRX6903569;27/04/2020;96558;Kimia Farma - Apotek;Denpasar;Bali;4.7;Jill Norton;KF132;Psycholeptics drugs. Hypnotics and sedatives drugs;6400;0;0.1;6400;640;4.5
TRX7856571;27/03/2023;62628;Kimia Farma - Apotek;Samarinda;Kalimantan Timur;4.8;Natasha Miller;KF955;Psycholeptics drugs. Hypnotics and sedatives drugs;51200;0.1;0.15;46080;6912;4.7
TRX5745688;20/09/2023;59275;Kimia Farma - Apotek;Garut;Jawa Barat;4.6;Amber Browning;KF955;Psycholeptics drugs. Hypnotics and sedatives drugs;51200;0.1;0.15;46080;6912;4.5
TRX2947838;14/08/2020;11640;Kimia Farma - Apotek;Probolinggo;Jawa Timur;4.2;Jose Williams;KF955;Psycholeptics drugs. Hypnotics and sedatives drugs;51200;0.1;0.15;46080;6912;4.4
TRX5234990;22/03/2022;77512;Kimia Farma - Apotek;Cirebon;Jawa Barat;4.5;Sara Cole;KF955;Psycholeptics drugs. Hypnotics and sedatives drugs;51200;0.1;0.15;46080;6912;3.3
TRX8923538;05/08/2022;45962;Kimia Farma - Apotek;Tasikmalaya;Jawa Barat;4.4;Taylor Gonzalez;KF955;Psycholeptics drugs. Hypnotics and sedatives drugs;51200;0.1;0.15;46080;6912;4.9
TRX1785738;07/12/2022;18342;Kimia Farma - Apotek;Garut;Jawa Barat;4.6;Michael Russell;KF955;Psycholeptics drugs. Hypnotics and sedatives drugs;51200;0.1;0.15;46080;6912;4.9
TRX9936466;16/11/2023;67421;Kimia Farma - Apotek;Bontang;Kalimantan Timur;3.9;Brad Esparza;KF955;Psycholeptics drugs. Hypnotics and sedatives drugs;51200;0.1;0.15;46080;6912;4.5
TRX3756276;27/12/2023;99409;Kimia Farma - Apotek;Bekasi;Jawa Barat;4;Dr. Jeffrey Kent;KF955;Psycholeptics drugs. Hypnotics and sedatives drugs;51200;0.1;0.15;46080;6912;4.4
TRX4136571;20/10/2023;34489;Kimia Farma - Apotek;Garut;Jawa Barat;4.4;Hector Elliott;KF955;Psycholeptics drugs. Hypnotics and sedatives drugs;51200;0.1;0.15;46080;6912;4.8
TRX4488629;04/01/2020;96742;Kimia Farma - Apotek;Garut;Jawa Barat;4.4;Jessica Miller;KF955;Psycholeptics drugs. Hypnotics and sedatives drugs;51200;0.1;0.15;46080;6912;4
TRX3244780;13/05/2020;62744;Kimia Farma - Apotek;Sorong;Papua Barat;4.9;Lori Russell;KF955;Psycholeptics drugs. Hypnotics and sedatives drugs;51200;0.1;0.15;46080;6912;4.1
TRX6074072;30/09/2020;23156;Kimia Farma - Apotek;Samarinda;Kalimantan Timur;5;Danielle Ellis;KF955;Psycholeptics drugs. Hypnotics and sedatives drugs;51200;0.1;0.15;46080;6912;4.3
TRX2205231;16/06/2023;50270;Kimia Farma - Apotek;Madiun;Jawa Timur;4.5;Lisa Campbell;KF955;Psycholeptics drugs. Hypnotics and sedatives drugs;51200;0.1;0.15;46080;6912;4.8
TRX8967852;05/02/2023;31935;Kimia Farma - Apotek;Tangerang;Banten;4.4;Scott Dennis;KF955;Psycholeptics drugs. Hypnotics and sedatives drugs;51200;0.1;0.15;46080;6912;4.6
TRX7452651;18/08/2022;16596;Kimia Farma - Apotek;Pontianak;Kalimantan Barat;4.1;James Perez;KF955;Psycholeptics drugs. Hypnotics and sedatives drugs;51200;0.1;0.15;46080;6912;4.3
TRX2779016;25/09/2022;85216;Kimia Farma - Apotek;Purwakarta;Jawa Barat;4;John Peters;KF955;Psycholeptics drugs. Hypnotics and sedatives drugs;51200;0.1;0.15;46080;6912;3.7
TRX1593513;12/04/2023;58103;Kimia Farma - Apotek;Karawang;Jawa Barat;4.7;Stephanie Phillips;KF955;Psycholeptics drugs. Hypnotics and sedatives drugs;51200;0.1;0.15;46080;6912;4.7
TRX1050630;24/12/2023;96065;Kimia Farma - Apotek;Karawang;Jawa Barat;5;Michael Lyons;KF955;Psycholeptics drugs. Hypnotics and sedatives drugs;51200;0.1;0.15;46080;6912;3.9
TRX3647925;30/09/2023;59449;Kimia Farma - Apotek;Indramayu;Jawa Barat;4.1;Lauren Carter;KF955;Psycholeptics drugs. Hypnotics and sedatives drugs;51200;0.1;0.15;46080;6912;3.4
TRX3756276;27/12/2023;99409;Kimia Farma - Apotek;Bekasi;Jawa Barat;4;Dr. Jeffrey Kent;KF955;Psycholeptics drugs. Hypnotics and sedatives drugs;51200;0.1;0.15;46080;6912;4.4
TRX4091377;13/08/2020;60459;Kimia Farma - Apotek;Tanjungpinang;Kepulauan Riau;4;Troy Watts;KF955;Psycholeptics drugs. Hypnotics and sedatives drugs;51200;0.1;0.15;46080;6912;3.8
TRX4063036;06/08/2020;86131;Kimia Farma - Apotek;Tasikmalaya;Jawa Barat;4.2;Brian Morrow;KF955;Psycholeptics drugs. Hypnotics and sedatives drugs;51200;0.1;0.15;46080;6912;3.4
TRX8923538;05/08/2022;45962;Kimia Farma - Apotek;Tasikmalaya;Jawa Barat;4.4;Taylor Gonzalez;KF955;Psycholeptics drugs. Hypnotics and sedatives drugs;51200;0.1;0.15;46080;6912;4.9
TRX8361586;02/10/2023;83589;Kimia Farma - Apotek;Cianjur;Jawa Barat;4.6;Teresa Alvarado;KF955;Psycholeptics drugs. Hypnotics and sedatives drugs;51200;0.1;0.15;46080;6912;3.7
TRX6926494;21/03/2022;67373;Kimia Farma - Apotek;Subang;Jawa Barat;4.6;Timothy Fleming;KF955;Psycholeptics drugs. Hypnotics and sedatives drugs;51200;0.1;0.15;46080;6912;4.2
TRX3756276;27/12/2023;99409;Kimia Farma - Apotek;Bekasi;Jawa Barat;4;Dr. Jeffrey Kent;KF955;Psycholeptics drugs. Hypnotics and sedatives drugs;51200;0.1;0.15;46080;6912;4.4
TRX4373950;06/09/2020;59220;Kimia Farma - Apotek;Purwokerto;Jawa Tengah;4.2;Brent Martin;KF955;Psycholeptics drugs. Hypnotics and sedatives drugs;51200;0.1;0.15;46080;6912;4.2
TRX3862342;23/12/2023;92261;Kimia Farma - Apotek;Subang;Jawa Barat;4.6;Brian Hicks;KF955;Psycholeptics drugs. Hypnotics and sedatives drugs;51200;0.1;0.15;46080;6912;3.6
TRX5835733;13/03/2022;88089;Kimia Farma - Apotek;Indramayu;Jawa Barat;4.1;Christine Cruz;KF955;Psycholeptics drugs. Hypnotics and sedatives drugs;51200;0.1;0.15;46080;6912;4
TRX5547140;03/02/2023;65025;Kimia Farma - Apotek;Denpasar;Bali;4.2;Kyle Lewis;KF955;Psycholeptics drugs. Hypnotics and sedatives drugs;51200;0.1;0.15;46080;6912;4
TRX5835733;13/03/2022;88089;Kimia Farma - Apotek;Indramayu;Jawa Barat;4.1;Christine Cruz;KF955;Psycholeptics drugs. Hypnotics and sedatives drugs;51200;0.1;0.15;46080;6912;4
TRX1586780;08/12/2020;29115;Kimia Farma - Apotek;Subang;Jawa Barat;4.7;Brandon Beck;KF955;Psycholeptics drugs. Hypnotics and sedatives drugs;51200;0;0.15;51200;7680;3.6
TRX1829861;05/01/2022;68961;Kimia Farma - Apotek;Balikpapan;Kalimantan Timur;4.7;Joseph Garner;KF955;Psycholeptics drugs. Hypnotics and sedatives drugs;51200;0;0.15;51200;7680;4.6
TRX6782944;02/03/2022;49403;Kimia Farma - Apotek;Kuningan;Jawa Barat;3.9;Sharon Joyce;KF955;Psycholeptics drugs. Hypnotics and sedatives drugs;51200;0;0.15;51200;7680;4.7
TRX8603330;19/05/2022;44221;Kimia Farma - Apotek;Garut;Jawa Barat;4;Denise Walker;KF955;Psycholeptics drugs. Hypnotics and sedatives drugs;51200;0;0.15;51200;7680;3.8
TRX6006792;10/01/2020;14433;Kimia Farma - Apotek;Gorontalo;Gorontalo;4;Shelly Knox;KF955;Psycholeptics drugs. Hypnotics and sedatives drugs;51200;0;0.15;51200;7680;4.7
TRX7882217;21/12/2022;13953;Kimia Farma - Apotek;Ternate;Maluku Utara;4.8;Samantha May;KF955;Psycholeptics drugs. Hypnotics and sedatives drugs;51200;0;0.15;51200;7680;4.7
TRX8500423;21/10/2020;53257;Kimia Farma - Apotek;Cikampek;Jawa Barat;4.7;Joseph Mckenzie;KF955;Psycholeptics drugs. Hypnotics and sedatives drugs;51200;0;0.15;51200;7680;3.1
TRX2492666;11/12/2020;48667;Kimia Farma - Apotek;Cikampek;Jawa Barat;4.2;Abigail Stark;KF955;Psycholeptics drugs. Hypnotics and sedatives drugs;51200;0;0.15;51200;7680;4.2
TRX3429439;30/04/2023;30640;Kimia Farma - Apotek;Pangkalpinang;Bangka Belitung;4.3;Teresa White;KF955;Psycholeptics drugs. Hypnotics and sedatives drugs;51200;0;0.15;51200;7680;5
TRX2236054;03/11/2021;93401;Kimia Farma - Apotek;Ambon;Maluku;4.5;Jonathan Boyer;KF955;Psycholeptics drugs. Hypnotics and sedatives drugs;51200;0;0.15;51200;7680;3.6
TRX9470189;08/03/2023;39162;Kimia Farma - Apotek;Kotamobagu;Sulawesi Utara;4.9;Jasmine Stewart;KF955;Psycholeptics drugs. Hypnotics and sedatives drugs;51200;0;0.15;51200;7680;4.9
TRX9037064;26/10/2020;73625;Kimia Farma - Apotek;Kotamobagu;Sulawesi Utara;4.9;Joshua Wood;KF955;Psycholeptics drugs. Hypnotics and sedatives drugs;51200;0;0.15;51200;7680;3.4
TRX2829759;26/10/2023;43007;Kimia Farma - Apotek;Ciamis;Jawa Barat;4;Jacob Hall;KF222;Anti-inflammatory and antirheumatic products. non-steroids. Acetic acid derivatives and related substances;64000;0.04;0.15;61440;9216;3.5
TRX3574366;30/11/2020;53199;Kimia Farma - Apotek;Sukabumi;Jawa Barat;4;Corey Mills;KF222;Anti-inflammatory and antirheumatic products. non-steroids. Acetic acid derivatives and related substances;64000;0.04;0.15;61440;9216;4.9
TRX4788871;30/05/2021;40467;Kimia Farma - Apotek;Magelang;Jawa Tengah;4.4;Vicki Ward;KF222;Anti-inflammatory and antirheumatic products. non-steroids. Acetic acid derivatives and related substances;64000;0.04;0.15;61440;9216;3.2
TRX5234364;31/05/2023;17138;Kimia Farma - Apotek;Makassar;Sulawesi Selatan;3.9;Anna Ross;KF222;Anti-inflammatory and antirheumatic products. non-steroids. Acetic acid derivatives and related substances;64000;0.04;0.15;61440;9216;4.5
TRX6087394;22/07/2022;29922;Kimia Farma - Apotek;Purwokerto;Jawa Tengah;3.9;Kelly Moon MD;KF222;Anti-inflammatory and antirheumatic products. non-steroids. Acetic acid derivatives and related substances;64000;0.04;0.15;61440;9216;4.2
TRX3838148;04/09/2020;42820;Kimia Farma - Apotek;Mataram;Nusa Tenggara Barat;4.1;Jason Murphy;KF222;Anti-inflammatory and antirheumatic products. non-steroids. Acetic acid derivatives and related substances;64000;0.04;0.15;61440;9216;3.9
TRX6182384;09/02/2020;63863;Kimia Farma - Apotek;Subang;Jawa Barat;4.7;Seth Hampton;KF222;Anti-inflammatory and antirheumatic products. non-steroids. Acetic acid derivatives and related substances;64000;0.04;0.15;61440;9216;3.7
TRX7881684;14/05/2020;59559;Kimia Farma - Apotek;Yogyakarta;DI Yogyakarta;4.5;Christina Wilson;KF222;Anti-inflammatory and antirheumatic products. non-steroids. Acetic acid derivatives and related substances;64000;0.04;0.15;61440;9216;4.5
TRX7750292;09/05/2020;90726;Kimia Farma - Apotek;Sukabumi;Jawa Barat;4.8;David Neal;KF222;Anti-inflammatory and antirheumatic products. non-steroids. Acetic acid derivatives and related substances;64000;0.04;0.15;61440;9216;5
TRX4977418;22/02/2022;20261;Kimia Farma - Apotek;Garut;Jawa Barat;4.3;Shelia Glenn;KF222;Anti-inflammatory and antirheumatic products. non-steroids. Acetic acid derivatives and related substances;64000;0.04;0.15;61440;9216;4
TRX7680549;12/12/2023;63792;Kimia Farma - Apotek;Pematangsiantar;Sumatera Utara;4.1;Kristine Clark;KF222;Anti-inflammatory and antirheumatic products. non-steroids. Acetic acid derivatives and related substances;64000;0.04;0.15;61440;9216;4.2
TRX9618733;25/12/2020;21171;Kimia Farma - Apotek;Indramayu;Jawa Barat;4;Andrea Miller;KF222;Anti-inflammatory and antirheumatic products. non-steroids. Acetic acid derivatives and related substances;64000;0.04;0.15;61440;9216;3.4
TRX9895092;01/12/2022;47691;Kimia Farma - Apotek;Banjarmasin;Kalimantan Selatan;3.9;Shawn Jackson;KF222;Anti-inflammatory and antirheumatic products. non-steroids. Acetic acid derivatives and related substances;64000;0.04;0.15;61440;9216;3.7
TRX5981190;04/08/2023;49520;Kimia Farma - Apotek;Subang;Jawa Barat;4.4;Robin Jones;KF222;Anti-inflammatory and antirheumatic products. non-steroids. Acetic acid derivatives and related substances;64000;0.04;0.15;61440;9216;4.9
TRX5851181;07/01/2023;28053;Kimia Farma - Apotek;Semarang;Jawa Tengah;4.1;William Smith;KF222;Anti-inflammatory and antirheumatic products. non-steroids. Acetic acid derivatives and related substances;64000;0.04;0.15;61440;9216;4.7
TRX5234364;31/05/2023;17138;Kimia Farma - Apotek;Makassar;Sulawesi Selatan;3.9;Anna Ross;KF222;Anti-inflammatory and antirheumatic products. non-steroids. Acetic acid derivatives and related substances;64000;0.04;0.15;61440;9216;4.5
TRX3802748;06/12/2021;57365;Kimia Farma - Apotek;Tarakan;Kalimantan Utara;4.2;Larry Patterson;KF222;Anti-inflammatory and antirheumatic products. non-steroids. Acetic acid derivatives and related substances;64000;0.04;0.15;61440;9216;3.8
TRX3758009;28/02/2021;66717;Kimia Farma - Apotek;Subang;Jawa Barat;4.2;Joshua Howell;KF222;Anti-inflammatory and antirheumatic products. non-steroids. Acetic acid derivatives and related substances;64000;0.04;0.15;61440;9216;4.7
TRX3955484;25/12/2021;16339;Kimia Farma - Apotek;Subang;Jawa Barat;4.7;Karen Williams;KF222;Anti-inflammatory and antirheumatic products. non-steroids. Acetic acid derivatives and related substances;64000;0.04;0.15;61440;9216;4
TRX2156998;25/04/2020;95971;Kimia Farma - Apotek;Banjarmasin;Kalimantan Selatan;4.2;Claudia Hunt;KF222;Anti-inflammatory and antirheumatic products. non-steroids. Acetic acid derivatives and related substances;64000;0.04;0.15;61440;9216;4.7
TRX1433407;21/11/2020;85216;Kimia Farma - Apotek;Purwakarta;Jawa Barat;4;Jesse Mosley;KF222;Anti-inflammatory and antirheumatic products. non-steroids. Acetic acid derivatives and related substances;64000;0.04;0.15;61440;9216;3.2
TRX9618733;25/12/2020;21171;Kimia Farma - Apotek;Indramayu;Jawa Barat;4;Andrea Miller;KF222;Anti-inflammatory and antirheumatic products. non-steroids. Acetic acid derivatives and related substances;64000;0.04;0.15;61440;9216;3.4
TRX1246388;20/12/2020;94743;Kimia Farma - Apotek;Semarang;Jawa Tengah;3.9;Patrick Contreras;KF943;Other analgesics and antipyretics. Salicylic acid and derivatives;5500;0.01;0.1;5445;544.5;4.2
TRX3740499;12/07/2022;75503;Kimia Farma - Apotek;Tomohon;Sulawesi Utara;4.7;Eric Stewart;KF943;Other analgesics and antipyretics. Salicylic acid and derivatives;5500;0.01;0.1;5445;544.5;3
TRX1039496;04/01/2022;61007;Kimia Farma - Apotek;Purwakarta;Jawa Barat;4;Christopher Moore;KF943;Other analgesics and antipyretics. Salicylic acid and derivatives;5500;0.01;0.1;5445;544.5;4.8
TRX8884358;30/11/2021;31747;Kimia Farma - Apotek;Langsa;Aceh;4.5;Christopher Jennings;KF943;Other analgesics and antipyretics. Salicylic acid and derivatives;5500;0.01;0.1;5445;544.5;3.7
TRX7661659;26/05/2022;68981;Kimia Farma - Apotek;Samarinda;Kalimantan Timur;4.5;Lauren Gould;KF943;Other analgesics and antipyretics. Salicylic acid and derivatives;5500;0.01;0.1;5445;544.5;3
TRX6214573;20/06/2020;67373;Kimia Farma - Apotek;Subang;Jawa Barat;4.6;Jeremiah Hicks;KF943;Other analgesics and antipyretics. Salicylic acid and derivatives;5500;0.01;0.1;5445;544.5;4.8
TRX3541381;24/02/2021;30203;Kimia Farma - Apotek;Pematangsiantar;Sumatera Utara;4.8;Wendy Burton;KF943;Other analgesics and antipyretics. Salicylic acid and derivatives;5500;0.01;0.1;5445;544.5;3.7
TRX1824470;25/01/2021;54078;Kimia Farma - Apotek;Purwokerto;Jawa Tengah;4.7;Kathy Johnson;KF943;Other analgesics and antipyretics. Salicylic acid and derivatives;5500;0.01;0.1;5445;544.5;4.3
TRX4772520;02/06/2021;41081;Kimia Farma - Apotek;Pekanbaru;Riau;4.2;Elizabeth Arnold;KF943;Other analgesics and antipyretics. Salicylic acid and derivatives;5500;0.01;0.1;5445;544.5;4.4
TRX5000935;02/12/2021;42820;Kimia Farma - Apotek;Mataram;Nusa Tenggara Barat;4.1;Jorge Larson;KF943;Other analgesics and antipyretics. Salicylic acid and derivatives;5500;0.01;0.1;5445;544.5;3.6
TRX6659149;21/07/2020;59607;Kimia Farma - Apotek;Magelang;Jawa Tengah;4.3;Travis Wilson;KF943;Other analgesics and antipyretics. Salicylic acid and derivatives;5500;0.01;0.1;5445;544.5;3.8
TRX1246388;20/12/2020;94743;Kimia Farma - Apotek;Semarang;Jawa Tengah;3.9;Patrick Contreras;KF943;Other analgesics and antipyretics. Salicylic acid and derivatives;5500;0.01;0.1;5445;544.5;4.2
TRX6122156;25/12/2020;31365;Kimia Farma - Apotek;Cirebon;Jawa Barat;4.4;Rebecca Rubio;KF943;Other analgesics and antipyretics. Salicylic acid and derivatives;5500;0.01;0.1;5445;544.5;4.3
TRX2002169;06/06/2020;68961;Kimia Farma - Apotek;Balikpapan;Kalimantan Timur;4.7;Heather Serrano;KF943;Other analgesics and antipyretics. Salicylic acid and derivatives;5500;0.01;0.1;5445;544.5;4.8
TRX7288584;07/06/2021;99697;Kimia Farma - Apotek;Subang;Jawa Barat;4.8;Thomas Garcia;KF943;Other analgesics and antipyretics. Salicylic acid and derivatives;5500;0.01;0.1;5445;544.5;4
TRX8263697;12/09/2023;25090;Kimia Farma - Apotek;Sukabumi;Jawa Barat;4.1;Joseph Mosley;KF943;Other analgesics and antipyretics. Salicylic acid and derivatives;5500;0.01;0.1;5445;544.5;3.7
TRX1039496;04/01/2022;61007;Kimia Farma - Apotek;Purwakarta;Jawa Barat;4;Christopher Moore;KF943;Other analgesics and antipyretics. Salicylic acid and derivatives;5500;0.01;0.1;5445;544.5;4.8
TRX1633733;29/10/2023;41261;Kimia Farma - Apotek;Deli Serdang;Sumatera Utara;4.6;Christopher Kirk;KF943;Other analgesics and antipyretics. Salicylic acid and derivatives;5500;0.01;0.1;5445;544.5;4.2
TRX1824470;25/01/2021;54078;Kimia Farma - Apotek;Purwokerto;Jawa Tengah;4.7;Kathy Johnson;KF943;Other analgesics and antipyretics. Salicylic acid and derivatives;5500;0.01;0.1;5445;544.5;4.3
TRX7085789;22/05/2021;69060;Kimia Farma - Apotek;Ciamis;Jawa Barat;4.4;William Yates;KF943;Other analgesics and antipyretics. Salicylic acid and derivatives;5500;0.01;0.1;5445;544.5;4.2
TRX2002169;06/06/2020;68961;Kimia Farma - Apotek;Balikpapan;Kalimantan Timur;4.7;Heather Serrano;KF943;Other analgesics and antipyretics. Salicylic acid and derivatives;5500;0.01;0.1;5445;544.5;4.8
TRX2848834;10/03/2020;89507;Kimia Farma - Apotek;Bitung;Sulawesi Utara;4.2;Nicholas Bailey;KF943;Other analgesics and antipyretics. Salicylic acid and derivatives;5500;0.01;0.1;5445;544.5;4.7
TRX9609824;28/08/2023;56801;Kimia Farma - Apotek;Subang;Jawa Barat;5;Amy Powell;KF943;Other analgesics and antipyretics. Salicylic acid and derivatives;5500;0.01;0.1;5445;544.5;3.4
TRX2795661;10/01/2020;96065;Kimia Farma - Apotek;Karawang;Jawa Barat;5;Richard Cummings;KF943;Other analgesics and antipyretics. Salicylic acid and derivatives;5500;0.01;0.1;5445;544.5;3.5
TRX3459971;25/12/2020;89769;Kimia Farma - Apotek;Sukabumi;Jawa Barat;4.6;Andre Meyer;KF943;Other analgesics and antipyretics. Salicylic acid and derivatives;5500;0.01;0.1;5445;544.5;3.8
TRX4807435;22/08/2022;82636;Kimia Farma - Apotek;Palu;Sulawesi Tengah;4.7;Tiffany Gay;KF943;Other analgesics and antipyretics. Salicylic acid and derivatives;5500;0.01;0.1;5445;544.5;3.2
TRX4880699;17/10/2020;90726;Kimia Farma - Apotek;Sukabumi;Jawa Barat;4.8;Samuel Evans;KF943;Other analgesics and antipyretics. Salicylic acid and derivatives;5500;0.01;0.1;5445;544.5;3.9
TRX8853357;17/02/2020;96462;Kimia Farma - Apotek;Semarang;Jawa Tengah;4.1;Jennifer Choi;KF943;Other analgesics and antipyretics. Salicylic acid and derivatives;5500;0.01;0.1;5445;544.5;3.6
TRX1191267;02/06/2021;82240;Kimia Farma - Apotek;Tasikmalaya;Jawa Barat;4.2;Nicole Lopez;KF943;Other analgesics and antipyretics. Salicylic acid and derivatives;5500;0.01;0.1;5445;544.5;3.6
TRX7433630;24/07/2020;79455;Kimia Farma - Apotek;Mataram;Nusa Tenggara Barat;4.8;Jessica Andrews;KF943;Other analgesics and antipyretics. Salicylic acid and derivatives;5500;0.01;0.1;5445;544.5;4.4
TRX9655851;03/06/2021;21583;Kimia Farma - Apotek;Ciamis;Jawa Barat;4.9;Matthew Evans;KF943;Other analgesics and antipyretics. Salicylic acid and derivatives;5500;0.01;0.1;5445;544.5;4.3
TRX1039496;04/01/2022;61007;Kimia Farma - Apotek;Purwakarta;Jawa Barat;4;Christopher Moore;KF943;Other analgesics and antipyretics. Salicylic acid and derivatives;5500;0.01;0.1;5445;544.5;4.8
TRX5035213;13/07/2020;61916;Kimia Farma - Apotek;Tomohon;Sulawesi Utara;4.1;Robert Nguyen;KF943;Other analgesics and antipyretics. Salicylic acid and derivatives;5500;0.01;0.1;5445;544.5;4.8
TRX5182701;18/06/2022;22526;Kimia Farma - Apotek;Jambi;Jambi;4.3;Melissa Mcconnell;KF943;Other analgesics and antipyretics. Salicylic acid and derivatives;5500;0.01;0.1;5445;544.5;3.3
TRX9645874;28/05/2022;81965;Kimia Farma - Apotek;Denpasar;Bali;3.9;Kristi Reid;KF943;Other analgesics and antipyretics. Salicylic acid and derivatives;5500;0.01;0.1;5445;544.5;3.2
TRX1302598;01/10/2022;67859;Kimia Farma - Apotek;Karawang;Jawa Barat;4.5;Noah Lucas;KF299;Psycholeptics drugs. Hypnotics and sedatives drugs;52000;0.08;0.15;47840;7176;3.7
TRX9280487;17/02/2020;28844;Kimia Farma - Apotek;Indramayu;Jawa Barat;4.1;Amanda Smith;KF299;Psycholeptics drugs. Hypnotics and sedatives drugs;52000;0.08;0.15;47840;7176;3.4
TRX6985636;28/04/2023;28557;Kimia Farma - Apotek;Jambi;Jambi;4.5;Thomas Ward;KF299;Psycholeptics drugs. Hypnotics and sedatives drugs;52000;0.08;0.15;47840;7176;3.5
TRX3158580;07/08/2020;25090;Kimia Farma - Apotek;Sukabumi;Jawa Barat;4.1;Adam Clark;KF299;Psycholeptics drugs. Hypnotics and sedatives drugs;52000;0.08;0.15;47840;7176;3.3
TRX5772181;01/04/2022;58354;Kimia Farma - Apotek;Bitung;Sulawesi Utara;4.2;James Hood;KF299;Psycholeptics drugs. Hypnotics and sedatives drugs;52000;0.08;0.15;47840;7176;3.7
TRX7749526;07/12/2022;67373;Kimia Farma - Apotek;Subang;Jawa Barat;4.6;Crystal Palmer;KF299;Psycholeptics drugs. Hypnotics and sedatives drugs;52000;0.08;0.15;47840;7176;3.1
TRX7385209;12/08/2021;49606;Kimia Farma - Apotek;Palu;Sulawesi Tengah;4.6;Ryan Bowen;KF299;Psycholeptics drugs. Hypnotics and sedatives drugs;52000;0.08;0.15;47840;7176;3.3
TRX3894403;25/08/2023;65969;Kimia Farma - Apotek;Garut;Jawa Barat;4.4;Joseph Murphy;KF299;Psycholeptics drugs. Hypnotics and sedatives drugs;52000;0.08;0.15;47840;7176;4.6
TRX6436514;29/01/2023;61804;Kimia Farma - Apotek;Padang Sidempuan;Sumatera Utara;4.4;Sarah Shaw;KF299;Psycholeptics drugs. Hypnotics and sedatives drugs;52000;0.08;0.15;47840;7176;4.6
TRX1576925;13/11/2023;96304;Kimia Farma - Apotek;Banjarmasin;Kalimantan Selatan;4.8;Mary Young;KF299;Psycholeptics drugs. Hypnotics and sedatives drugs;52000;0.08;0.15;47840;7176;3.9
TRX9186172;10/01/2021;15586;Kimia Farma - Apotek;Medan;Sumatera Utara;4.6;Nicole Stark;KF299;Psycholeptics drugs. Hypnotics and sedatives drugs;52000;0.08;0.15;47840;7176;3.8
TRX3808663;02/03/2022;68313;Kimia Farma - Apotek;Palembang;Sumatera Selatan;4.8;Zachary Silva;KF299;Psycholeptics drugs. Hypnotics and sedatives drugs;52000;0.08;0.15;47840;7176;3.2
TRX6428385;17/03/2022;85549;Kimia Farma - Apotek;Ciamis;Jawa Barat;4;Jacob Huang;KF299;Psycholeptics drugs. Hypnotics and sedatives drugs;52000;0.08;0.15;47840;7176;3.6
TRX4712191;23/11/2020;30640;Kimia Farma - Apotek;Pangkalpinang;Bangka Belitung;4.3;Jonathan Mccoy;KF299;Psycholeptics drugs. Hypnotics and sedatives drugs;52000;0.08;0.15;47840;7176;4.1
TRX7207342;07/01/2020;30119;Kimia Farma - Apotek;Palembang;Sumatera Selatan;4.3;Emily Randolph;KF299;Psycholeptics drugs. Hypnotics and sedatives drugs;52000;0.08;0.15;47840;7176;3.3
TRX4625809;01/01/2020;99409;Kimia Farma - Apotek;Bekasi;Jawa Barat;4;Samantha Sanchez;KF299;Psycholeptics drugs. Hypnotics and sedatives drugs;52000;0.08;0.15;47840;7176;3.3
TRX4391011;04/02/2021;21909;Kimia Farma - Apotek;Lubuklinggau;Sumatera Selatan;4.9;Benjamin Flynn;KF299;Psycholeptics drugs. Hypnotics and sedatives drugs;52000;0.08;0.15;47840;7176;3.1
TRX5793749;29/05/2023;82564;Kimia Farma - Apotek;Palembang;Sumatera Selatan;4.2;George Stevens;KF299;Psycholeptics drugs. Hypnotics and sedatives drugs;52000;0.08;0.15;47840;7176;4.9
TRX2537661;07/08/2023;68313;Kimia Farma - Apotek;Palembang;Sumatera Selatan;4.8;Micheal Davenport;KF299;Psycholeptics drugs. Hypnotics and sedatives drugs;52000;0.08;0.15;47840;7176;3.2
TRX5772181;01/04/2022;58354;Kimia Farma - Apotek;Bitung;Sulawesi Utara;4.2;James Hood;KF299;Psycholeptics drugs. Hypnotics and sedatives drugs;52000;0.08;0.15;47840;7176;3.7
TRX7968441;14/04/2021;24294;Kimia Farma - Apotek;Payakumbuh;Sumatera Barat;4.9;Robert Cardenas;KF299;Psycholeptics drugs. Hypnotics and sedatives drugs;52000;0.08;0.15;47840;7176;3.9
TRX6436514;29/01/2023;61804;Kimia Farma - Apotek;Padang Sidempuan;Sumatera Utara;4.4;Sarah Shaw;KF299;Psycholeptics drugs. Hypnotics and sedatives drugs;52000;0.08;0.15;47840;7176;4.6
TRX5772181;01/04/2022;58354;Kimia Farma - Apotek;Bitung;Sulawesi Utara;4.2;James Hood;KF299;Psycholeptics drugs. Hypnotics and sedatives drugs;52000;0.08;0.15;47840;7176;3.7
TRX1811194;14/10/2023;94743;Kimia Farma - Apotek;Semarang;Jawa Tengah;3.9;Nancy Cameron;KF299;Psycholeptics drugs. Hypnotics and sedatives drugs;52000;0.08;0.15;47840;7176;4
TRX9574559;17/09/2020;82894;Kimia Farma - Apotek;Tomohon;Sulawesi Utara;4.5;Robert Obrien;KF808;Psycholeptics drugs. Anxiolytic drugs;158900;0;0.2;158900;31780;3.4
TRX4032267;15/08/2021;29922;Kimia Farma - Apotek;Purwokerto;Jawa Tengah;3.9;Frederick Bennett;KF808;Psycholeptics drugs. Anxiolytic drugs;158900;0;0.2;158900;31780;4.6
TRX2820183;10/12/2020;29922;Kimia Farma - Apotek;Purwokerto;Jawa Tengah;3.9;Keith Graham;KF808;Psycholeptics drugs. Anxiolytic drugs;158900;0;0.2;158900;31780;3.4
TRX7468574;24/10/2021;36671;Kimia Farma - Apotek;Deli Serdang;Sumatera Utara;4.9;Rick Arellano;KF808;Psycholeptics drugs. Anxiolytic drugs;158900;0;0.2;158900;31780;3
TRX8561915;04/12/2020;47178;Kimia Farma - Apotek;Magelang;Jawa Tengah;4.2;Darryl Rogers;KF808;Psycholeptics drugs. Anxiolytic drugs;158900;0;0.2;158900;31780;4.5
TRX4032267;15/08/2021;29922;Kimia Farma - Apotek;Purwokerto;Jawa Tengah;3.9;Frederick Bennett;KF808;Psycholeptics drugs. Anxiolytic drugs;158900;0;0.2;158900;31780;4.6
TRX9574559;17/09/2020;82894;Kimia Farma - Apotek;Tomohon;Sulawesi Utara;4.5;Robert Obrien;KF808;Psycholeptics drugs. Anxiolytic drugs;158900;0;0.2;158900;31780;3.4
TRX3110701;19/03/2023;58132;Kimia Farma - Apotek;Padang Sidempuan;Sumatera Utara;4.5;Elizabeth Parker;KF808;Psycholeptics drugs. Anxiolytic drugs;158900;0;0.2;158900;31780;4.2
TRX8799134;18/09/2022;52192;Kimia Farma - Apotek;Karawang;Jawa Barat;4.2;Paula Willis;KF808;Psycholeptics drugs. Anxiolytic drugs;158900;0;0.2;158900;31780;3.5
TRX7417702;25/08/2023;39499;Kimia Farma - Apotek;Denpasar;Bali;4.5;Craig Murray;KF808;Psycholeptics drugs. Anxiolytic drugs;158900;0;0.2;158900;31780;3.2
TRX3835467;26/07/2022;17275;Kimia Farma - Apotek;Banda Aceh;Aceh;3.9;Andrew Roy;KF808;Psycholeptics drugs. Anxiolytic drugs;158900;0;0.2;158900;31780;5
TRX3705847;29/07/2022;89507;Kimia Farma - Apotek;Bitung;Sulawesi Utara;4.2;Joel Peck;KF808;Psycholeptics drugs. Anxiolytic drugs;158900;0;0.2;158900;31780;3
TRX6947052;11/03/2021;86131;Kimia Farma - Apotek;Tasikmalaya;Jawa Barat;4.2;Wayne Jones;KF601;Psycholeptics drugs. Anxiolytic drugs;512000;0.09;0.3;465920;139776;4.8
TRX6866073;24/03/2020;25951;Kimia Farma - Apotek;Pekanbaru;Riau;4.5;Robert Rogers;KF601;Psycholeptics drugs. Anxiolytic drugs;512000;0.09;0.3;465920;139776;4
TRX2796992;07/10/2020;84189;Kimia Farma - Apotek;Ciamis;Jawa Barat;5;Mrs. Kelly Lee PhD;KF601;Psycholeptics drugs. Anxiolytic drugs;512000;0.09;0.3;465920;139776;3.3
TRX3273708;09/08/2021;70985;Kimia Farma - Apotek;Manado;Sulawesi Utara;4.3;Megan Smith;KF601;Psycholeptics drugs. Anxiolytic drugs;512000;0.09;0.3;465920;139776;4.1
TRX7259481;21/08/2022;75976;Kimia Farma - Apotek;Yogyakarta;DI Yogyakarta;4;Elizabeth Dunn;KF601;Psycholeptics drugs. Anxiolytic drugs;512000;0.09;0.3;465920;139776;3.3
TRX7094491;20/01/2021;98041;Kimia Farma - Apotek;Tomohon;Sulawesi Utara;4.5;Ellen Davis;KF601;Psycholeptics drugs. Anxiolytic drugs;512000;0.09;0.3;465920;139776;3.7
TRX9601294;23/06/2022;98837;Kimia Farma - Apotek;Bandung;Jawa Barat;4.6;Jodi Brown;KF601;Psycholeptics drugs. Anxiolytic drugs;512000;0.09;0.3;465920;139776;4.9
TRX8249562;21/09/2023;14495;Kimia Farma - Apotek;Banjarmasin;Kalimantan Selatan;4.8;Aaron Davies MD;KF601;Psycholeptics drugs. Anxiolytic drugs;512000;0.09;0.3;465920;139776;4.9
TRX7913333;30/07/2021;59496;Kimia Farma - Apotek;Surabaya;Jawa Timur;3.9;Kevin Mccarthy;KF601;Psycholeptics drugs. Anxiolytic drugs;512000;0.09;0.3;465920;139776;3.1
TRX9371938;15/01/2020;38172;Kimia Farma - Apotek;Pontianak;Kalimantan Barat;5;John Rose;KF601;Psycholeptics drugs. Anxiolytic drugs;512000;0.09;0.3;465920;139776;4.9
TRX1530907;18/12/2021;85287;Kimia Farma - Apotek;Sorong;Papua Barat;4.9;Emily Clark;KF601;Psycholeptics drugs. Anxiolytic drugs;512000;0.09;0.3;465920;139776;4.4
TRX3581950;20/08/2021;21247;Kimia Farma - Apotek;Karawang;Jawa Barat;4.7;Jackson Smith;KF601;Psycholeptics drugs. Anxiolytic drugs;512000;0.09;0.3;465920;139776;4.4
TRX1271826;27/11/2020;85549;Kimia Farma - Apotek;Ciamis;Jawa Barat;4;Frederick Russell;KF601;Psycholeptics drugs. Anxiolytic drugs;512000;0.09;0.3;465920;139776;3.4
TRX8176512;03/06/2020;82564;Kimia Farma - Apotek;Palembang;Sumatera Selatan;4.2;Kelsey Clayton;KF601;Psycholeptics drugs. Anxiolytic drugs;512000;0.09;0.3;465920;139776;4.9
TRX5614197;20/03/2021;27840;Kimia Farma - Apotek;Denpasar;Bali;4.3;Dr. Tyler Anderson;KF601;Psycholeptics drugs. Anxiolytic drugs;512000;0.09;0.3;465920;139776;3.5
TRX8249562;21/09/2023;14495;Kimia Farma - Apotek;Banjarmasin;Kalimantan Selatan;4.8;Aaron Davies MD;KF601;Psycholeptics drugs. Anxiolytic drugs;512000;0.09;0.3;465920;139776;4.9
TRX8245013;19/06/2020;26269;Kimia Farma - Apotek;Garut;Jawa Barat;4;Dale Norris;KF601;Psycholeptics drugs. Anxiolytic drugs;512000;0.09;0.3;465920;139776;4.5
TRX9930112;16/08/2023;66847;Kimia Farma - Apotek;Gorontalo;Gorontalo;4.4;Juan Evans;KF601;Psycholeptics drugs. Anxiolytic drugs;512000;0.09;0.3;465920;139776;4.7
TRX3118709;24/09/2020;31747;Kimia Farma - Apotek;Langsa;Aceh;4.5;Richard Walker;KF601;Psycholeptics drugs. Anxiolytic drugs;512000;0.09;0.3;465920;139776;4.5
TRX6415547;11/04/2021;90214;Kimia Farma - Apotek;Pontianak;Kalimantan Barat;4.2;John Hanson;KF601;Psycholeptics drugs. Anxiolytic drugs;512000;0.09;0.3;465920;139776;4.9
TRX3273708;09/08/2021;70985;Kimia Farma - Apotek;Manado;Sulawesi Utara;4.3;Megan Smith;KF601;Psycholeptics drugs. Anxiolytic drugs;512000;0.09;0.3;465920;139776;4.1
TRX9484552;23/12/2022;41261;Kimia Farma - Apotek;Deli Serdang;Sumatera Utara;4.6;David Baxter;KF601;Psycholeptics drugs. Anxiolytic drugs;512000;0.09;0.3;465920;139776;3.1
TRX4445209;31/03/2022;29922;Kimia Farma - Apotek;Purwokerto;Jawa Tengah;3.9;Donald Sanchez;KF601;Psycholeptics drugs. Anxiolytic drugs;512000;0.09;0.3;465920;139776;4.8
TRX3061983;10/04/2021;56380;Kimia Farma - Apotek;Gorontalo;Gorontalo;4.1;Christina Schneider;KF601;Psycholeptics drugs. Anxiolytic drugs;512000;0.09;0.3;465920;139776;4.5
TRX4865829;10/01/2022;82315;Kimia Farma - Apotek;Bogor;Jawa Barat;4.6;Caroline Pena;KF601;Psycholeptics drugs. Anxiolytic drugs;512000;0.09;0.3;465920;139776;3.7
TRX7630156;26/09/2022;81651;Kimia Farma - Apotek;Bitung;Sulawesi Utara;4.2;John Morales;KF601;Psycholeptics drugs. Anxiolytic drugs;512000;0.09;0.3;465920;139776;4.9
TRX3581950;20/08/2021;21247;Kimia Farma - Apotek;Karawang;Jawa Barat;4.7;Jackson Smith;KF601;Psycholeptics drugs. Anxiolytic drugs;512000;0.09;0.3;465920;139776;4.4
TRX8029411;25/12/2020;82428;Kimia Farma - Apotek;Tomohon;Sulawesi Utara;3.9;Katherine Spencer;KF601;Psycholeptics drugs. Anxiolytic drugs;512000;0.09;0.3;465920;139776;3.5
TRX9930112;16/08/2023;66847;Kimia Farma - Apotek;Gorontalo;Gorontalo;4.4;Juan Evans;KF601;Psycholeptics drugs. Anxiolytic drugs;512000;0.09;0.3;465920;139776;4.7
TRX4116272;12/04/2023;41131;Kimia Farma - Apotek;Yogyakarta;DI Yogyakarta;4.8;Michael Hubbard;KF601;Psycholeptics drugs. Anxiolytic drugs;512000;0.09;0.3;465920;139776;3.9
TRX3698694;27/11/2020;66113;Kimia Farma - Apotek;Bekasi;Jawa Barat;4;Gregory Waters;KF601;Psycholeptics drugs. Anxiolytic drugs;512000;0.09;0.3;465920;139776;4.6
TRX6054820;22/08/2021;47344;Kimia Farma - Apotek;Tanjungpinang;Kepulauan Riau;4.9;Michael Hill;KF601;Psycholeptics drugs. Anxiolytic drugs;512000;0.09;0.3;465920;139776;4.8
TRX9564998;10/09/2021;37012;Kimia Farma - Apotek;Bandung;Jawa Barat;4.8;Timothy Williams;KF601;Psycholeptics drugs. Anxiolytic drugs;512000;0.09;0.3;465920;139776;3.4
TRX6746029;21/01/2020;96304;Kimia Farma - Apotek;Banjarmasin;Kalimantan Selatan;4.8;Karen Nguyen;KF601;Psycholeptics drugs. Anxiolytic drugs;512000;0.09;0.3;465920;139776;4.2
TRX4340678;26/03/2020;92115;Kimia Farma - Apotek;Purwakarta;Jawa Barat;4.5;Cristina Smith;KF601;Psycholeptics drugs. Anxiolytic drugs;512000;0.09;0.3;465920;139776;3.2
TRX6248789;25/04/2020;26269;Kimia Farma - Apotek;Garut;Jawa Barat;4;Renee Martinez;KF601;Psycholeptics drugs. Anxiolytic drugs;512000;0.09;0.3;465920;139776;4.3
TRX4113804;29/11/2022;67921;Kimia Farma - Apotek;Ternate;Maluku Utara;5;Amanda Smith;KF601;Psycholeptics drugs. Anxiolytic drugs;512000;0.09;0.3;465920;139776;3.8
TRX6786294;08/01/2020;96462;Kimia Farma - Apotek;Semarang;Jawa Tengah;4.1;Edward Castro;KF643;Anti-inflammatory and antirheumatic products. non-steroids. Propionic acid derivatives;24400;0;0.1;24400;2440;3.8
TRX6147453;06/03/2021;85216;Kimia Farma - Apotek;Purwakarta;Jawa Barat;4;James Ho;KF643;Anti-inflammatory and antirheumatic products. non-steroids. Propionic acid derivatives;24400;0;0.1;24400;2440;4.2
TRX9853992;08/05/2022;44604;Kimia Farma - Apotek;Bandung;Jawa Barat;4.2;Lauren Haynes;KF643;Anti-inflammatory and antirheumatic products. non-steroids. Propionic acid derivatives;24400;0;0.1;24400;2440;3.1
TRX2037862;10/08/2022;40313;Kimia Farma - Apotek;Tasikmalaya;Jawa Barat;4.8;Michael Murray;KF643;Anti-inflammatory and antirheumatic products. non-steroids. Propionic acid derivatives;24400;0;0.1;24400;2440;4.3
TRX8223992;10/10/2022;29933;Kimia Farma - Apotek;Sukabumi;Jawa Barat;4.2;Angela Davis;KF643;Anti-inflammatory and antirheumatic products. non-steroids. Propionic acid derivatives;24400;0;0.1;24400;2440;4.4
TRX5926892;24/03/2021;95261;Kimia Farma - Apotek;Palangkaraya;Kalimantan Tengah;4.1;Shawn Marquez;KF643;Anti-inflammatory and antirheumatic products. non-steroids. Propionic acid derivatives;24400;0;0.1;24400;2440;4.6
TRX6177680;08/04/2020;92261;Kimia Farma - Apotek;Subang;Jawa Barat;4.6;Sara Valdez;KF643;Anti-inflammatory and antirheumatic products. non-steroids. Propionic acid derivatives;24400;0;0.1;24400;2440;3.4
TRX8702231;20/04/2022;14433;Kimia Farma - Apotek;Gorontalo;Gorontalo;4;Edward Foley;KF643;Anti-inflammatory and antirheumatic products. non-steroids. Propionic acid derivatives;24400;0;0.1;24400;2440;4.7
TRX3444725;05/01/2022;14693;Kimia Farma - Apotek;Karawang;Jawa Barat;3.9;James Gonzalez;KF643;Anti-inflammatory and antirheumatic products. non-steroids. Propionic acid derivatives;24400;0;0.1;24400;2440;3.3
TRX1278482;03/01/2020;95261;Kimia Farma - Apotek;Palangkaraya;Kalimantan Tengah;4.1;Anthony Mendez;KF643;Anti-inflammatory and antirheumatic products. non-steroids. Propionic acid derivatives;24400;0;0.1;24400;2440;3.6
TRX4048858;23/02/2023;98676;Kimia Farma - Apotek;Malang;Jawa Timur;4.4;Michelle Smith;KF643;Anti-inflammatory and antirheumatic products. non-steroids. Propionic acid derivatives;24400;0;0.1;24400;2440;4.2
TRX9580787;01/09/2021;90277;Kimia Farma - Apotek;Sorong;Papua Barat;4.3;Gabriel Stevenson;KF643;Anti-inflammatory and antirheumatic products. non-steroids. Propionic acid derivatives;24400;0;0.1;24400;2440;4.9
TRX5926892;24/03/2021;95261;Kimia Farma - Apotek;Palangkaraya;Kalimantan Tengah;4.1;Shawn Marquez;KF643;Anti-inflammatory and antirheumatic products. non-steroids. Propionic acid derivatives;24400;0;0.1;24400;2440;4.6
TRX5059859;05/04/2022;19017;Kimia Farma - Apotek;Pematangsiantar;Sumatera Utara;5;Steven Caldwell;KF222;Anti-inflammatory and antirheumatic products. non-steroids. Acetic acid derivatives and related substances;64000;0.09;0.15;58240;8736;4.2
TRX9999610;29/05/2022;89154;Kimia Farma - Apotek;Palembang;Sumatera Selatan;4.5;Sarah Zavala;KF222;Anti-inflammatory and antirheumatic products. non-steroids. Acetic acid derivatives and related substances;64000;0.09;0.15;58240;8736;3.7
TRX1119081;15/07/2020;40699;Kimia Farma - Apotek;Surabaya;Jawa Timur;4.1;Regina Freeman;KF222;Anti-inflammatory and antirheumatic products. non-steroids. Acetic acid derivatives and related substances;64000;0.09;0.15;58240;8736;4.7
TRX8097332;25/05/2020;92261;Kimia Farma - Apotek;Subang;Jawa Barat;4.6;Elizabeth Young;KF222;Anti-inflammatory and antirheumatic products. non-steroids. Acetic acid derivatives and related substances;64000;0.09;0.15;58240;8736;5
TRX8074996;12/07/2020;17469;Kimia Farma - Apotek;Lubuklinggau;Sumatera Selatan;3.9;Nicole Jones;KF222;Anti-inflammatory and antirheumatic products. non-steroids. Acetic acid derivatives and related substances;64000;0.09;0.15;58240;8736;4.1
TRX8074996;12/07/2020;17469;Kimia Farma - Apotek;Lubuklinggau;Sumatera Selatan;3.9;Nicole Jones;KF222;Anti-inflammatory and antirheumatic products. non-steroids. Acetic acid derivatives and related substances;64000;0.09;0.15;58240;8736;4.1
TRX2654835;11/12/2023;85014;Kimia Farma - Apotek;Balikpapan;Kalimantan Timur;4;Rachael Vasquez;KF222;Anti-inflammatory and antirheumatic products. non-steroids. Acetic acid derivatives and related substances;64000;0.09;0.15;58240;8736;4
TRX4203446;15/02/2022;74125;Kimia Farma - Apotek;Subang;Jawa Barat;4.8;Robert Sharp;KF222;Anti-inflammatory and antirheumatic products. non-steroids. Acetic acid derivatives and related substances;64000;0.09;0.15;58240;8736;3.3
TRX4167308;15/01/2022;82315;Kimia Farma - Apotek;Bogor;Jawa Barat;4.6;Xavier Young II;KF222;Anti-inflammatory and antirheumatic products. non-steroids. Acetic acid derivatives and related substances;64000;0.09;0.15;58240;8736;4.3
TRX8754235;10/08/2020;33006;Kimia Farma - Apotek;Karawang;Jawa Barat;4.7;Mary Mitchell;KF222;Anti-inflammatory and antirheumatic products. non-steroids. Acetic acid derivatives and related substances;64000;0.09;0.15;58240;8736;3.8
TRX1383695;01/03/2022;82336;Kimia Farma - Apotek;Sibolga;Sumatera Utara;4.2;Michael Fields;KF222;Anti-inflammatory and antirheumatic products. non-steroids. Acetic acid derivatives and related substances;64000;0.09;0.15;58240;8736;3.7
TRX4485814;02/10/2020;68313;Kimia Farma - Apotek;Palembang;Sumatera Selatan;4.8;Veronica Oneill;KF222;Anti-inflammatory and antirheumatic products. non-steroids. Acetic acid derivatives and related substances;64000;0.09;0.15;58240;8736;5
TRX3930064;09/11/2020;52680;Kimia Farma - Apotek;Purwokerto;Jawa Tengah;4.3;Abigail Miles;KF222;Anti-inflammatory and antirheumatic products. non-steroids. Acetic acid derivatives and related substances;64000;0.09;0.15;58240;8736;3
TRX7388127;09/09/2020;22275;Kimia Farma - Apotek;Ambon;Maluku;4.4;Stephanie Stewart;KF222;Anti-inflammatory and antirheumatic products. non-steroids. Acetic acid derivatives and related substances;64000;0.09;0.15;58240;8736;4.4
TRX7812626;09/04/2020;74753;Kimia Farma - Apotek;Magelang;Jawa Tengah;4.6;Stephanie Sanchez;KF222;Anti-inflammatory and antirheumatic products. non-steroids. Acetic acid derivatives and related substances;64000;0.09;0.15;58240;8736;4.4
TRX5864015;13/12/2023;48388;Kimia Farma - Apotek;Palangkaraya;Kalimantan Tengah;4;Misty Ruiz;KF222;Anti-inflammatory and antirheumatic products. non-steroids. Acetic acid derivatives and related substances;64000;0.09;0.15;58240;8736;4.9
TRX8307481;26/05/2022;12338;Kimia Farma - Apotek;Samarinda;Kalimantan Timur;4.6;Anthony Davis;KF222;Anti-inflammatory and antirheumatic products. non-steroids. Acetic acid derivatives and related substances;64000;0.09;0.15;58240;8736;3.2
TRX1119081;15/07/2020;40699;Kimia Farma - Apotek;Surabaya;Jawa Timur;4.1;Regina Freeman;KF222;Anti-inflammatory and antirheumatic products. non-steroids. Acetic acid derivatives and related substances;64000;0.09;0.15;58240;8736;4.7
TRX6131434;08/03/2023;69060;Kimia Farma - Apotek;Ciamis;Jawa Barat;4.4;Steven Whitehead;KF222;Anti-inflammatory and antirheumatic products. non-steroids. Acetic acid derivatives and related substances;64000;0.09;0.15;58240;8736;3.1
TRX7779480;24/02/2023;92261;Kimia Farma - Apotek;Subang;Jawa Barat;4.6;Anita Cooper;KF222;Anti-inflammatory and antirheumatic products. non-steroids. Acetic acid derivatives and related substances;64000;0.09;0.15;58240;8736;3.7
TRX9911167;13/12/2023;96558;Kimia Farma - Apotek;Denpasar;Bali;4.7;Dustin Perez;KF222;Anti-inflammatory and antirheumatic products. non-steroids. Acetic acid derivatives and related substances;64000;0.09;0.15;58240;8736;4.2
TRX9087095;25/03/2020;92115;Kimia Farma - Apotek;Purwakarta;Jawa Barat;4.5;Bethany Edwards;KF222;Anti-inflammatory and antirheumatic products. non-steroids. Acetic acid derivatives and related substances;64000;0.09;0.15;58240;8736;3.5
TRX3542911;10/08/2021;65138;Kimia Farma - Apotek;Lubuklinggau;Sumatera Selatan;4.5;Mary Hicks;KF222;Anti-inflammatory and antirheumatic products. non-steroids. Acetic acid derivatives and related substances;64000;0.09;0.15;58240;8736;4.9
TRX1137859;18/03/2022;59220;Kimia Farma - Apotek;Purwokerto;Jawa Tengah;4.2;Lauren Kim;KF222;Anti-inflammatory and antirheumatic products. non-steroids. Acetic acid derivatives and related substances;64000;0.09;0.15;58240;8736;3.2
TRX1221526;01/11/2020;20073;Kimia Farma - Apotek;Kendari;Sulawesi Tenggara;4;David Ford;KF222;Anti-inflammatory and antirheumatic products. non-steroids. Acetic acid derivatives and related substances;64000;0.09;0.15;58240;8736;4.4
TRX4203446;15/02/2022;74125;Kimia Farma - Apotek;Subang;Jawa Barat;4.8;Robert Sharp;KF222;Anti-inflammatory and antirheumatic products. non-steroids. Acetic acid derivatives and related substances;64000;0.09;0.15;58240;8736;3.3
TRX9911167;13/12/2023;96558;Kimia Farma - Apotek;Denpasar;Bali;4.7;Dustin Perez;KF222;Anti-inflammatory and antirheumatic products. non-steroids. Acetic acid derivatives and related substances;64000;0.09;0.15;58240;8736;4.2
TRX1376024;22/10/2023;35930;Kimia Farma - Apotek;Tasikmalaya;Jawa Barat;4.1;Deanna Cuevas;KF222;Anti-inflammatory and antirheumatic products. non-steroids. Acetic acid derivatives and related substances;64000;0.09;0.15;58240;8736;4.1
TRX7629367;25/07/2023;60888;Kimia Farma - Apotek;Bekasi;Jawa Barat;4.1;Diana Bright;KF222;Anti-inflammatory and antirheumatic products. non-steroids. Acetic acid derivatives and related substances;64000;0.09;0.15;58240;8736;4.6
TRX5644832;06/11/2022;50780;Kimia Farma - Apotek;Bitung;Sulawesi Utara;4.8;Michelle Harvey;KF222;Anti-inflammatory and antirheumatic products. non-steroids. Acetic acid derivatives and related substances;64000;0.09;0.15;58240;8736;4.7
TRX9245449;14/03/2020;82095;Kimia Farma - Apotek;Tomohon;Sulawesi Utara;4.4;Jordan Davis;KF222;Anti-inflammatory and antirheumatic products. non-steroids. Acetic acid derivatives and related substances;64000;0.09;0.15;58240;8736;4.1
TRX6681803;03/07/2020;96172;Kimia Farma - Apotek;Tangerang;Banten;3.9;Jeremy Ortiz;KF222;Anti-inflammatory and antirheumatic products. non-steroids. Acetic acid derivatives and related substances;64000;0.09;0.15;58240;8736;3.5
TRX7589156;04/11/2021;31604;Kimia Farma - Apotek;Pontianak;Kalimantan Barat;4.4;Travis Garrett;KF568;Psycholeptics drugs. Anxiolytic drugs;123200;0;0.2;123200;24640;4.4
TRX7405597;06/10/2022;70395;Kimia Farma - Apotek;Medan;Sumatera Utara;4.6;Brandon Warren;KF568;Psycholeptics drugs. Anxiolytic drugs;123200;0;0.2;123200;24640;4.2
TRX5458699;19/03/2022;47691;Kimia Farma - Apotek;Banjarmasin;Kalimantan Selatan;3.9;Marie Chandler;KF568;Psycholeptics drugs. Anxiolytic drugs;123200;0;0.2;123200;24640;3
TRX5609523;01/06/2021;31604;Kimia Farma - Apotek;Pontianak;Kalimantan Barat;4.4;Patricia Medina;KF568;Psycholeptics drugs. Anxiolytic drugs;123200;0;0.2;123200;24640;3.6
TRX1685560;22/11/2022;36671;Kimia Farma - Apotek;Deli Serdang;Sumatera Utara;4.9;Danielle Sanders;KF485;Psycholeptics drugs. Anxiolytic drugs;300800;0.07;0.25;279744;69936;3.5
TRX6203358;28/08/2021;41343;Kimia Farma - Apotek;Semarang;Jawa Tengah;4;Ellen Jones;KF485;Psycholeptics drugs. Anxiolytic drugs;300800;0.07;0.25;279744;69936;3.7
TRX7513886;22/12/2021;67373;Kimia Farma - Apotek;Subang;Jawa Barat;4.6;Antonio Castro;KF485;Psycholeptics drugs. Anxiolytic drugs;300800;0.07;0.25;279744;69936;4
TRX6593420;03/12/2021;18983;Kimia Farma - Apotek;Solok;Sumatera Barat;4.8;Deborah Fields;KF485;Psycholeptics drugs. Anxiolytic drugs;300800;0.07;0.25;279744;69936;4.4
TRX9626536;18/02/2022;81487;Kimia Farma - Apotek;Lhokseumawe;Aceh;4.8;Jason Trujillo;KF485;Psycholeptics drugs. Anxiolytic drugs;300800;0.07;0.25;279744;69936;4.8
TRX5243015;24/02/2021;56229;Kimia Farma - Apotek;Palangkaraya;Kalimantan Tengah;4.8;Teresa Sharp;KF485;Psycholeptics drugs. Anxiolytic drugs;300800;0.07;0.25;279744;69936;4.5
TRX2053689;17/11/2022;15235;Kimia Farma - Apotek;Payakumbuh;Sumatera Barat;4.2;Chad Williams Jr.;KF485;Psycholeptics drugs. Anxiolytic drugs;300800;0.07;0.25;279744;69936;3.3
TRX9018294;31/01/2023;49927;Kimia Farma - Apotek;Surabaya;Jawa Timur;4.1;Heather Shelton;KF485;Psycholeptics drugs. Anxiolytic drugs;300800;0.07;0.25;279744;69936;4.1
TRX6203358;28/08/2021;41343;Kimia Farma - Apotek;Semarang;Jawa Tengah;4;Ellen Jones;KF485;Psycholeptics drugs. Anxiolytic drugs;300800;0.07;0.25;279744;69936;3.7
TRX1990390;13/07/2021;72693;Kimia Farma - Apotek;Jakarta;DKI Jakarta;4.7;Joseph Lutz;KF485;Psycholeptics drugs. Anxiolytic drugs;300800;0.07;0.25;279744;69936;4.4
TRX5666679;24/10/2021;80673;Kimia Farma - Apotek;Kendari;Sulawesi Tenggara;4.6;Justin Henderson;KF485;Psycholeptics drugs. Anxiolytic drugs;300800;0.07;0.25;279744;69936;4.1
TRX5893954;03/11/2020;34490;Kimia Farma - Apotek;Tarakan;Kalimantan Utara;4.3;Tamara Alvarez;KF485;Psycholeptics drugs. Anxiolytic drugs;300800;0.07;0.25;279744;69936;4.8
TRX1798793;04/11/2022;65948;Kimia Farma - Apotek;Tarakan;Kalimantan Utara;4.4;Mary Hawkins;KF485;Psycholeptics drugs. Anxiolytic drugs;300800;0.07;0.25;279744;69936;3.9
TRX9091128;30/10/2021;82636;Kimia Farma - Apotek;Palu;Sulawesi Tengah;4.7;Cynthia Perez;KF485;Psycholeptics drugs. Anxiolytic drugs;300800;0.07;0.25;279744;69936;4.5
TRX2297049;09/07/2021;54110;Kimia Farma - Apotek;Solok;Sumatera Barat;4;Michele Simpson;KF485;Psycholeptics drugs. Anxiolytic drugs;300800;0.07;0.25;279744;69936;4.9
TRX8508541;13/03/2021;25572;Kimia Farma - Apotek;Bontang;Kalimantan Timur;3.9;Miss Katherine Ellison DVM;KF485;Psycholeptics drugs. Anxiolytic drugs;300800;0.07;0.25;279744;69936;3.9
TRX5243015;24/02/2021;56229;Kimia Farma - Apotek;Palangkaraya;Kalimantan Tengah;4.8;Teresa Sharp;KF485;Psycholeptics drugs. Anxiolytic drugs;300800;0.07;0.25;279744;69936;4.5
TRX4722854;03/07/2022;60036;Kimia Farma - Apotek;Batam;Kepulauan Riau;4.9;Anna Sims;KF485;Psycholeptics drugs. Anxiolytic drugs;300800;0.07;0.25;279744;69936;3.4
TRX4110437;02/09/2020;76725;Kimia Farma - Apotek;Subang;Jawa Barat;4.9;Edward Hays;KF485;Psycholeptics drugs. Anxiolytic drugs;300800;0.07;0.25;279744;69936;4.1
TRX1786122;18/02/2022;68961;Kimia Farma - Apotek;Balikpapan;Kalimantan Timur;4.7;Bobby Mcdonald;KF485;Psycholeptics drugs. Anxiolytic drugs;300800;0.07;0.25;279744;69936;4
TRX9322496;01/02/2023;20476;Kimia Farma - Apotek;Bogor;Jawa Barat;4.8;Meghan Johnson;KF485;Psycholeptics drugs. Anxiolytic drugs;300800;0.07;0.25;279744;69936;4.7
TRX1674766;11/06/2023;36450;Kimia Farma - Apotek;Indramayu;Jawa Barat;4.5;Nichole Camacho;KF485;Psycholeptics drugs. Anxiolytic drugs;300800;0.07;0.25;279744;69936;4.7
TRX9505655;25/01/2020;93401;Kimia Farma - Apotek;Ambon;Maluku;4.5;Holly Walton;KF818;Anti-inflammatory and antirheumatic products. non-steroids. Propionic acid derivatives;14200;0.05;0.1;13490;1349;3.2
TRX1499853;20/03/2023;68961;Kimia Farma - Apotek;Balikpapan;Kalimantan Timur;4.7;Vanessa Wilson;KF818;Anti-inflammatory and antirheumatic products. non-steroids. Propionic acid derivatives;14200;0.05;0.1;13490;1349;4.9
TRX6723916;26/03/2020;24277;Kimia Farma - Apotek;Lhokseumawe;Aceh;4.2;Debra Coleman;KF818;Anti-inflammatory and antirheumatic products. non-steroids. Propionic acid derivatives;14200;0.05;0.1;13490;1349;4.3
TRX7247240;18/05/2021;51302;Kimia Farma - Apotek;Cikampek;Jawa Barat;4.6;Devin Aguilar;KF818;Anti-inflammatory and antirheumatic products. non-steroids. Propionic acid derivatives;14200;0.05;0.1;13490;1349;4.6
TRX7717725;08/05/2021;30291;Kimia Farma - Apotek;Manado;Sulawesi Utara;4.9;Laurie Johnson;KF818;Anti-inflammatory and antirheumatic products. non-steroids. Propionic acid derivatives;14200;0.05;0.1;13490;1349;4.1
TRX1918545;23/04/2020;15949;Kimia Farma - Apotek;Gorontalo;Gorontalo;4.6;Lisa Gregory;KF818;Anti-inflammatory and antirheumatic products. non-steroids. Propionic acid derivatives;14200;0.05;0.1;13490;1349;4.6
TRX5976133;17/02/2022;63942;Kimia Farma - Apotek;Bandung;Jawa Barat;5;Sean Torres;KF818;Anti-inflammatory and antirheumatic products. non-steroids. Propionic acid derivatives;14200;0.05;0.1;13490;1349;4.7
TRX3266941;29/01/2021;19429;Kimia Farma - Apotek;Jambi;Jambi;4.4;Alyssa Garner;KF818;Anti-inflammatory and antirheumatic products. non-steroids. Propionic acid derivatives;14200;0.05;0.1;13490;1349;4.8
TRX5783756;27/05/2020;82315;Kimia Farma - Apotek;Bogor;Jawa Barat;4.6;Melinda Yates DDS;KF818;Anti-inflammatory and antirheumatic products. non-steroids. Propionic acid derivatives;14200;0.05;0.1;13490;1349;3.5
TRX8875149;31/01/2020;31365;Kimia Farma - Apotek;Cirebon;Jawa Barat;4.4;Christopher Jones;KF818;Anti-inflammatory and antirheumatic products. non-steroids. Propionic acid derivatives;14200;0.05;0.1;13490;1349;5
TRX3266941;29/01/2021;19429;Kimia Farma - Apotek;Jambi;Jambi;4.4;Alyssa Garner;KF818;Anti-inflammatory and antirheumatic products. non-steroids. Propionic acid derivatives;14200;0.05;0.1;13490;1349;4.8
TRX8724956;15/01/2023;78158;Kimia Farma - Apotek;Palu;Sulawesi Tengah;4.1;Kelly Benitez;KF818;Anti-inflammatory and antirheumatic products. non-steroids. Propionic acid derivatives;14200;0.05;0.1;13490;1349;3.3
TRX9937521;21/06/2022;22764;Kimia Farma - Apotek;Denpasar;Bali;4.4;Amber Terrell;KF818;Anti-inflammatory and antirheumatic products. non-steroids. Propionic acid derivatives;14200;0.05;0.1;13490;1349;4.6
TRX9045411;31/08/2022;73569;Kimia Farma - Apotek;Madiun;Jawa Timur;4.4;Elizabeth Kline;KF818;Anti-inflammatory and antirheumatic products. non-steroids. Propionic acid derivatives;14200;0.05;0.1;13490;1349;3.1
TRX5465718;12/02/2021;27679;Kimia Farma - Apotek;Batam;Kepulauan Riau;4;Mark Navarro;KF818;Anti-inflammatory and antirheumatic products. non-steroids. Propionic acid derivatives;14200;0.05;0.1;13490;1349;3.2
TRX8452337;25/08/2022;49833;Kimia Farma - Apotek;Pekanbaru;Riau;4.2;Robert Davis;KF818;Anti-inflammatory and antirheumatic products. non-steroids. Propionic acid derivatives;14200;0.05;0.1;13490;1349;4.3
TRX3698360;30/01/2023;63863;Kimia Farma - Apotek;Subang;Jawa Barat;4.7;Katrina Anderson;KF818;Anti-inflammatory and antirheumatic products. non-steroids. Propionic acid derivatives;14200;0.05;0.1;13490;1349;3.5
TRX1442633;21/05/2020;51833;Kimia Farma - Apotek;Pematangsiantar;Sumatera Utara;4.2;Janice Allen;KF818;Anti-inflammatory and antirheumatic products. non-steroids. Propionic acid derivatives;14200;0.05;0.1;13490;1349;4.2
TRX6450516;10/10/2021;56229;Kimia Farma - Apotek;Palangkaraya;Kalimantan Tengah;4.8;Curtis Chen;KF818;Anti-inflammatory and antirheumatic products. non-steroids. Propionic acid derivatives;14200;0.05;0.1;13490;1349;4.7
TRX9126012;20/03/2022;82336;Kimia Farma - Apotek;Sibolga;Sumatera Utara;4.2;Scott Duke;KF818;Anti-inflammatory and antirheumatic products. non-steroids. Propionic acid derivatives;14200;0.05;0.1;13490;1349;3.9
TRX5263886;26/05/2022;17567;Kimia Farma - Apotek;Kendari;Sulawesi Tenggara;4.9;Tina Taylor;KF818;Anti-inflammatory and antirheumatic products. non-steroids. Propionic acid derivatives;14200;0.05;0.1;13490;1349;4.4
TRX5492771;27/12/2021;53959;Kimia Farma - Apotek;Ternate;Maluku Utara;3.9;Tiffany Cook;KF818;Anti-inflammatory and antirheumatic products. non-steroids. Propionic acid derivatives;14200;0.05;0.1;13490;1349;3.8
TRX2534111;25/03/2023;21410;Kimia Farma - Apotek;Mataram;Nusa Tenggara Barat;4.2;Thomas Vazquez;KF818;Anti-inflammatory and antirheumatic products. non-steroids. Propionic acid derivatives;14200;0.05;0.1;13490;1349;3.1
TRX5804251;06/02/2022;75909;Kimia Farma - Apotek;Yogyakarta;DI Yogyakarta;4.2;Frank Hess;KF818;Anti-inflammatory and antirheumatic products. non-steroids. Propionic acid derivatives;14200;0.05;0.1;13490;1349;3.7
TRX2062504;11/05/2023;37602;Kimia Farma - Apotek;Garut;Jawa Barat;4.5;Robin Oneill;KF279;Antihistamines for systemic use;411000;0.04;0.25;394560;98640;4.4
TRX2856744;02/07/2021;96304;Kimia Farma - Apotek;Banjarmasin;Kalimantan Selatan;4.8;Melissa Peterson;KF279;Antihistamines for systemic use;411000;0.04;0.25;394560;98640;3.7
TRX9791083;23/12/2022;35930;Kimia Farma - Apotek;Tasikmalaya;Jawa Barat;4.1;Brandi Turner;KF279;Antihistamines for systemic use;411000;0.04;0.25;394560;98640;4.1
TRX8691726;10/02/2021;68556;Kimia Farma - Apotek;Bekasi;Jawa Barat;4.8;Brett Smith;KF279;Antihistamines for systemic use;411000;0.04;0.25;394560;98640;3.2
TRX8383035;08/06/2022;95541;Kimia Farma - Apotek;Jambi;Jambi;4.8;Lori Crosby;KF279;Antihistamines for systemic use;411000;0.04;0.25;394560;98640;4.2
TRX3937639;02/07/2023;61789;Kimia Farma - Apotek;Tasikmalaya;Jawa Barat;4;Ricky Walters;KF279;Antihistamines for systemic use;411000;0.04;0.25;394560;98640;3.5
TRX9388524;15/08/2022;61835;Kimia Farma - Apotek;Tasikmalaya;Jawa Barat;4.9;Jacob Hurst;KF279;Antihistamines for systemic use;411000;0.04;0.25;394560;98640;4.6
TRX4639571;19/12/2022;40120;Kimia Farma - Apotek;Jayapura;Papua;3.9;Denise Durham;KF279;Antihistamines for systemic use;411000;0.04;0.25;394560;98640;3.7
TRX2062504;11/05/2023;37602;Kimia Farma - Apotek;Garut;Jawa Barat;4.5;Robin Oneill;KF279;Antihistamines for systemic use;411000;0.04;0.25;394560;98640;4.4
TRX4533168;15/11/2023;80387;Kimia Farma - Apotek;Sibolga;Sumatera Utara;4.9;Bryan Smith;KF279;Antihistamines for systemic use;411000;0.04;0.25;394560;98640;4
TRX6551697;05/10/2023;59955;Kimia Farma - Apotek;Madiun;Jawa Timur;4.7;Ruth Webster;KF279;Antihistamines for systemic use;411000;0.04;0.25;394560;98640;4.9
TRX9827599;05/10/2023;62913;Kimia Farma - Apotek;Palembang;Sumatera Selatan;4.5;Crystal Norton;KF279;Antihistamines for systemic use;411000;0.04;0.25;394560;98640;4.2
TRX6112313;12/09/2020;74753;Kimia Farma - Apotek;Magelang;Jawa Tengah;4.6;William Taylor;KF279;Antihistamines for systemic use;411000;0.04;0.25;394560;98640;3.9
TRX9259083;24/02/2021;65947;Kimia Farma - Apotek;Pontianak;Kalimantan Barat;5;Kyle Briggs PhD;KF279;Antihistamines for systemic use;411000;0.04;0.25;394560;98640;4.1
TRX6423731;25/10/2020;68894;Kimia Farma - Apotek;Madiun;Jawa Timur;4.2;Ashley Kane;KF279;Antihistamines for systemic use;411000;0.04;0.25;394560;98640;3.9
TRX3937639;02/07/2023;61789;Kimia Farma - Apotek;Tasikmalaya;Jawa Barat;4;Ricky Walters;KF279;Antihistamines for systemic use;411000;0.04;0.25;394560;98640;3.5
TRX1069802;19/10/2023;70971;Kimia Farma - Apotek;Tomohon;Sulawesi Utara;4.8;Dennis Werner;KF279;Antihistamines for systemic use;411000;0.04;0.25;394560;98640;3.5
TRX3898398;17/07/2020;95541;Kimia Farma - Apotek;Jambi;Jambi;4.8;Eddie Smith;KF279;Antihistamines for systemic use;411000;0.04;0.25;394560;98640;3.1
TRX4722216;05/10/2020;49833;Kimia Farma - Apotek;Pekanbaru;Riau;4.2;Roger Aguirre;KF279;Antihistamines for systemic use;411000;0.04;0.25;394560;98640;4.5
TRX1235315;18/11/2022;94743;Kimia Farma - Apotek;Semarang;Jawa Tengah;3.9;Andrew Wood;KF279;Antihistamines for systemic use;411000;0.04;0.25;394560;98640;4.8
TRX4787251;28/10/2023;91503;Kimia Farma - Apotek;Solok;Sumatera Barat;4.1;Virginia Howe DVM;KF279;Antihistamines for systemic use;411000;0.04;0.25;394560;98640;3.3
TRX2585103;21/03/2023;96210;Kimia Farma - Apotek;Padang Sidempuan;Sumatera Utara;4.1;Amy Yates;KF279;Antihistamines for systemic use;411000;0.04;0.25;394560;98640;4.7
TRX6915675;30/05/2020;23471;Kimia Farma - Apotek;Kendari;Sulawesi Tenggara;4.3;Robert Burke;KF279;Antihistamines for systemic use;411000;0.04;0.25;394560;98640;4.5
TRX2716304;10/02/2023;34030;Kimia Farma - Apotek;Solok;Sumatera Barat;4.2;Jennifer Phelps;KF279;Antihistamines for systemic use;411000;0.04;0.25;394560;98640;4.8
TRX7780376;28/05/2022;72440;Kimia Farma - Apotek;Banda Aceh;Aceh;4.3;Jody Barry;KF279;Antihistamines for systemic use;411000;0.04;0.25;394560;98640;3.7
TRX2548505;26/04/2021;48617;Kimia Farma - Apotek;Tasikmalaya;Jawa Barat;4.3;Noah Harmon;KF279;Antihistamines for systemic use;411000;0.04;0.25;394560;98640;3.8
TRX2190179;25/12/2022;70985;Kimia Farma - Apotek;Manado;Sulawesi Utara;4.3;Teresa Yang;KF279;Antihistamines for systemic use;411000;0.04;0.25;394560;98640;3.6
TRX3634363;07/06/2021;88089;Kimia Farma - Apotek;Indramayu;Jawa Barat;4.1;Jessica Salas;KF731;Psycholeptics drugs. Hypnotics and sedatives drugs;78800;0;0.15;78800;11820;4.9
TRX5541957;06/12/2020;34591;Kimia Farma - Apotek;Jayapura;Papua;4.4;Stephanie Fisher MD;KF731;Psycholeptics drugs. Hypnotics and sedatives drugs;78800;0;0.15;78800;11820;4.8
TRX6268625;03/03/2021;14798;Kimia Farma - Apotek;Deli Serdang;Sumatera Utara;4.4;Dr. Mary Simpson;KF731;Psycholeptics drugs. Hypnotics and sedatives drugs;78800;0;0.15;78800;11820;4
TRX3174807;25/11/2023;65823;Kimia Farma - Apotek;Kendari;Sulawesi Tenggara;4.9;Angela Robinson;KF731;Psycholeptics drugs. Hypnotics and sedatives drugs;78800;0;0.15;78800;11820;4
TRX5414613;14/02/2022;16158;Kimia Farma - Apotek;Subang;Jawa Barat;5;Michael Thomas MD;KF731;Psycholeptics drugs. Hypnotics and sedatives drugs;78800;0;0.15;78800;11820;3.4
TRX6268625;03/03/2021;14798;Kimia Farma - Apotek;Deli Serdang;Sumatera Utara;4.4;Dr. Mary Simpson;KF731;Psycholeptics drugs. Hypnotics and sedatives drugs;78800;0;0.15;78800;11820;4
TRX9473645;03/03/2022;57196;Kimia Farma - Apotek;Pematangsiantar;Sumatera Utara;4.8;Connie Castillo;KF731;Psycholeptics drugs. Hypnotics and sedatives drugs;78800;0;0.15;78800;11820;4.1
TRX3102749;23/04/2023;45962;Kimia Farma - Apotek;Tasikmalaya;Jawa Barat;4.4;Jose Cain;KF731;Psycholeptics drugs. Hypnotics and sedatives drugs;78800;0;0.15;78800;11820;3.3
TRX6503818;25/03/2020;59260;Kimia Farma - Apotek;Ambon;Maluku;4.1;Jacob Nelson;KF731;Psycholeptics drugs. Hypnotics and sedatives drugs;78800;0;0.15;78800;11820;3.9
TRX2526013;01/07/2023;55000;Kimia Farma - Apotek;Makassar;Sulawesi Selatan;4;Scott Christian PhD;KF731;Psycholeptics drugs. Hypnotics and sedatives drugs;78800;0;0.15;78800;11820;3.6
TRX7443641;09/12/2023;35044;Kimia Farma - Apotek;Ciamis;Jawa Barat;4.3;Jeanette Matthews;KF731;Psycholeptics drugs. Hypnotics and sedatives drugs;78800;0;0.15;78800;11820;3.5
TRX8262555;18/04/2023;37946;Kimia Farma - Apotek;Cirebon;Jawa Barat;4.1;Cassandra Weaver;KF731;Psycholeptics drugs. Hypnotics and sedatives drugs;78800;0;0.15;78800;11820;5
TRX9520341;09/07/2022;61194;Kimia Farma - Apotek;Jakarta;DKI Jakarta;4.2;Emily Obrien;KF731;Psycholeptics drugs. Hypnotics and sedatives drugs;78800;0;0.15;78800;11820;4.3
TRX1414340;02/07/2020;56877;Kimia Farma - Apotek;Subang;Jawa Barat;4.9;Amy Taylor;KF731;Psycholeptics drugs. Hypnotics and sedatives drugs;78800;0;0.15;78800;11820;3.7
TRX9863153;06/02/2022;85216;Kimia Farma - Apotek;Purwakarta;Jawa Barat;4;Ronald Walton;KF731;Psycholeptics drugs. Hypnotics and sedatives drugs;78800;0;0.15;78800;11820;3.3
TRX6644357;07/02/2022;15917;Kimia Farma - Apotek;Semarang;Jawa Tengah;4.8;Robert Nelson;KF731;Psycholeptics drugs. Hypnotics and sedatives drugs;78800;0;0.15;78800;11820;4.1
TRX9179643;14/08/2021;98837;Kimia Farma - Apotek;Bandung;Jawa Barat;4.6;Alison Gutierrez;KF731;Psycholeptics drugs. Hypnotics and sedatives drugs;78800;0;0.15;78800;11820;4.2
TRX5653379;15/01/2021;80802;Kimia Farma - Apotek;Sukabumi;Jawa Barat;4.9;Jared Page;KF731;Psycholeptics drugs. Hypnotics and sedatives drugs;78800;0;0.15;78800;11820;4.9
TRX5003138;19/01/2022;13089;Kimia Farma - Apotek;Subang;Jawa Barat;4.1;Mitchell Rodriguez;KF731;Psycholeptics drugs. Hypnotics and sedatives drugs;78800;0;0.15;78800;11820;4.2
TRX5014428;27/02/2022;93257;Kimia Farma - Apotek;Kotamobagu;Sulawesi Utara;4.6;David Sherman;KF731;Psycholeptics drugs. Hypnotics and sedatives drugs;78800;0;0.15;78800;11820;4.2
TRX2755371;06/05/2022;28844;Kimia Farma - Apotek;Indramayu;Jawa Barat;4.1;Daniel Willis;KF643;Anti-inflammatory and antirheumatic products. non-steroids. Propionic acid derivatives;24400;0.05;0.1;23180;2318;4.4
TRX5084073;22/03/2023;12027;Kimia Farma - Apotek;Pangkalpinang;Bangka Belitung;4.8;Jimmy Torres;KF643;Anti-inflammatory and antirheumatic products. non-steroids. Propionic acid derivatives;24400;0.05;0.1;23180;2318;3.9
TRX1902832;24/06/2022;57196;Kimia Farma - Apotek;Pematangsiantar;Sumatera Utara;4.8;Sharon Jimenez;KF643;Anti-inflammatory and antirheumatic products. non-steroids. Propionic acid derivatives;24400;0.05;0.1;23180;2318;4.9
TRX8838386;22/01/2023;26081;Kimia Farma - Apotek;Langsa;Aceh;4.2;Linda Castillo;KF643;Anti-inflammatory and antirheumatic products. non-steroids. Propionic acid derivatives;24400;0.05;0.1;23180;2318;4.1
TRX2915194;13/05/2021;49438;Kimia Farma - Apotek;Ternate;Maluku Utara;4.9;Melissa Reyes;KF643;Anti-inflammatory and antirheumatic products. non-steroids. Propionic acid derivatives;24400;0.05;0.1;23180;2318;3.2
TRX7320238;16/02/2023;68933;Kimia Farma - Apotek;Bogor;Jawa Barat;4.9;John Reese;KF643;Anti-inflammatory and antirheumatic products. non-steroids. Propionic acid derivatives;24400;0.05;0.1;23180;2318;4.9
TRX5946185;24/10/2020;36953;Kimia Farma - Apotek;Cilacap;Jawa Tengah;5;Karen Robbins;KF643;Anti-inflammatory and antirheumatic products. non-steroids. Propionic acid derivatives;24400;0.05;0.1;23180;2318;3
TRX3775977;11/07/2023;62628;Kimia Farma - Apotek;Samarinda;Kalimantan Timur;4.8;Charles Hawkins;KF643;Anti-inflammatory and antirheumatic products. non-steroids. Propionic acid derivatives;24400;0.05;0.1;23180;2318;3.9
TRX3996926;05/02/2022;65902;Kimia Farma - Apotek;Balikpapan;Kalimantan Timur;4.2;Charles Miller;KF643;Anti-inflammatory and antirheumatic products. non-steroids. Propionic acid derivatives;24400;0.05;0.1;23180;2318;3.7
TRX8725069;27/02/2021;17138;Kimia Farma - Apotek;Makassar;Sulawesi Selatan;3.9;Kerri Marshall;KF643;Anti-inflammatory and antirheumatic products. non-steroids. Propionic acid derivatives;24400;0.05;0.1;23180;2318;3.2
TRX9855267;15/11/2022;90692;Kimia Farma - Apotek;Denpasar;Bali;3.9;Rhonda Torres;KF643;Anti-inflammatory and antirheumatic products. non-steroids. Propionic acid derivatives;24400;0.05;0.1;23180;2318;3.8
TRX7792747;03/08/2022;48667;Kimia Farma - Apotek;Cikampek;Jawa Barat;4.2;Jeffrey Jenkins;KF643;Anti-inflammatory and antirheumatic products. non-steroids. Propionic acid derivatives;24400;0.05;0.1;23180;2318;4.7
TRX3564111;07/12/2022;99735;Kimia Farma - Apotek;Banda Aceh;Aceh;4.1;Lisa Taylor;KF643;Anti-inflammatory and antirheumatic products. non-steroids. Propionic acid derivatives;24400;0.05;0.1;23180;2318;4.1
TRX8861746;25/04/2021;64080;Kimia Farma - Apotek;Batam;Kepulauan Riau;4.1;Donald Jones;KF643;Anti-inflammatory and antirheumatic products. non-steroids. Propionic acid derivatives;24400;0.05;0.1;23180;2318;4.4
TRX8861746;25/04/2021;64080;Kimia Farma - Apotek;Batam;Kepulauan Riau;4.1;Donald Jones;KF643;Anti-inflammatory and antirheumatic products. non-steroids. Propionic acid derivatives;24400;0.05;0.1;23180;2318;4.4
TRX9867113;05/08/2021;18983;Kimia Farma - Apotek;Solok;Sumatera Barat;4.8;Ashley Khan;KF643;Anti-inflammatory and antirheumatic products. non-steroids. Propionic acid derivatives;24400;0.05;0.1;23180;2318;3.4
TRX6812911;11/02/2022;46902;Kimia Farma - Apotek;Cirebon;Jawa Barat;4;Janice Melendez;KF643;Anti-inflammatory and antirheumatic products. non-steroids. Propionic acid derivatives;24400;0.05;0.1;23180;2318;4.8
TRX9591011;17/03/2023;94753;Kimia Farma - Apotek;Pontianak;Kalimantan Barat;4.2;Susan Perez;KF643;Anti-inflammatory and antirheumatic products. non-steroids. Propionic acid derivatives;24400;0.05;0.1;23180;2318;4.2
TRX6299901;27/08/2023;64238;Kimia Farma - Apotek;Jakarta;DKI Jakarta;4;James Perry DDS;KF643;Anti-inflammatory and antirheumatic products. non-steroids. Propionic acid derivatives;24400;0.05;0.1;23180;2318;4.3
TRX3996926;05/02/2022;65902;Kimia Farma - Apotek;Balikpapan;Kalimantan Timur;4.2;Charles Miller;KF643;Anti-inflammatory and antirheumatic products. non-steroids. Propionic acid derivatives;24400;0.05;0.1;23180;2318;3.7
TRX1315263;08/12/2021;42965;Kimia Farma - Apotek;Yogyakarta;DI Yogyakarta;4;Jessica Conner;KF643;Anti-inflammatory and antirheumatic products. non-steroids. Propionic acid derivatives;24400;0.05;0.1;23180;2318;3.7
TRX2891471;22/10/2021;59607;Kimia Farma - Apotek;Magelang;Jawa Tengah;4.3;Miss Sherry Gomez;KF643;Anti-inflammatory and antirheumatic products. non-steroids. Propionic acid derivatives;24400;0.05;0.1;23180;2318;3.1
TRX4977284;06/05/2021;47342;Kimia Farma - Apotek;Padang Sidempuan;Sumatera Utara;4.3;Charles Morgan;KF299;Psycholeptics drugs. Hypnotics and sedatives drugs;52000;0.11;0.15;46280;6942;4.3
TRX1833260;09/01/2020;30539;Kimia Farma - Apotek;Kuningan;Jawa Barat;4.4;Emily Nixon;KF299;Psycholeptics drugs. Hypnotics and sedatives drugs;52000;0.11;0.15;46280;6942;3.2
TRX7248004;10/02/2020;28844;Kimia Farma - Apotek;Indramayu;Jawa Barat;4.1;Tracy Morgan;KF299;Psycholeptics drugs. Hypnotics and sedatives drugs;52000;0.11;0.15;46280;6942;4.5
TRX3390585;30/03/2021;12174;Kimia Farma - Apotek;Pangkalpinang;Bangka Belitung;4.7;Hannah Gross;KF299;Psycholeptics drugs. Hypnotics and sedatives drugs;52000;0.11;0.15;46280;6942;4.4
TRX6922321;22/07/2021;29094;Kimia Farma - Apotek;Tebing Tinggi;Sumatera Utara;4.6;Misty Perez;KF299;Psycholeptics drugs. Hypnotics and sedatives drugs;52000;0.11;0.15;46280;6942;4.3
TRX7501804;11/08/2020;94165;Kimia Farma - Apotek;Karawang;Jawa Barat;4.6;Kayla Morrow;KF299;Psycholeptics drugs. Hypnotics and sedatives drugs;52000;0.11;0.15;46280;6942;3
TRX2181863;27/04/2023;90734;Kimia Farma - Apotek;Sukabumi;Jawa Barat;4.6;James Lewis;KF299;Psycholeptics drugs. Hypnotics and sedatives drugs;52000;0.11;0.15;46280;6942;3.5
TRX3390585;30/03/2021;12174;Kimia Farma - Apotek;Pangkalpinang;Bangka Belitung;4.7;Hannah Gross;KF299;Psycholeptics drugs. Hypnotics and sedatives drugs;52000;0.11;0.15;46280;6942;4.4
TRX6634644;11/12/2020;98443;Kimia Farma - Apotek;Banda Aceh;Aceh;4.5;Kyle Black;KF299;Psycholeptics drugs. Hypnotics and sedatives drugs;52000;0.11;0.15;46280;6942;4.3
TRX9183239;09/11/2020;79455;Kimia Farma - Apotek;Mataram;Nusa Tenggara Barat;4.8;Brandi Hill;KF299;Psycholeptics drugs. Hypnotics and sedatives drugs;52000;0.11;0.15;46280;6942;3.2
TRX8402604;20/06/2023;70595;Kimia Farma - Apotek;Garut;Jawa Barat;4.9;Tracy Hall;KF299;Psycholeptics drugs. Hypnotics and sedatives drugs;52000;0.11;0.15;46280;6942;4.8
TRX8346054;14/04/2023;80176;Kimia Farma - Apotek;Dumai;Riau;4.7;Jennifer Osborne;KF299;Psycholeptics drugs. Hypnotics and sedatives drugs;52000;0.11;0.15;46280;6942;4.7
TRX9439117;02/12/2022;46468;Kimia Farma - Apotek;Bima;Nusa Tenggara Barat;4.7;Melinda Moore;KF299;Psycholeptics drugs. Hypnotics and sedatives drugs;52000;0.11;0.15;46280;6942;3.7
TRX5325975;04/12/2020;18786;Kimia Farma - Apotek;Banjarmasin;Kalimantan Selatan;4.7;Taylor Fuller;KF299;Psycholeptics drugs. Hypnotics and sedatives drugs;52000;0.11;0.15;46280;6942;4.2
TRX4368336;02/08/2023;21410;Kimia Farma - Apotek;Mataram;Nusa Tenggara Barat;4.2;Holly Larsen;KF299;Psycholeptics drugs. Hypnotics and sedatives drugs;52000;0.11;0.15;46280;6942;4.3
TRX5640650;08/01/2020;57365;Kimia Farma - Apotek;Tarakan;Kalimantan Utara;4.2;Michelle Nelson;KF299;Psycholeptics drugs. Hypnotics and sedatives drugs;52000;0.11;0.15;46280;6942;3.3
TRX5510367;06/08/2022;53199;Kimia Farma - Apotek;Sukabumi;Jawa Barat;4;Chase Thompson;KF299;Psycholeptics drugs. Hypnotics and sedatives drugs;52000;0.11;0.15;46280;6942;4.2
TRX1798081;12/08/2022;92582;Kimia Farma - Apotek;Sibolga;Sumatera Utara;4.4;Jacob Duran;KF299;Psycholeptics drugs. Hypnotics and sedatives drugs;52000;0.11;0.15;46280;6942;4.5
TRX9954741;02/08/2022;26671;Kimia Farma - Apotek;Pangkalpinang;Bangka Belitung;4.1;Anthony Jacobson;KF299;Psycholeptics drugs. Hypnotics and sedatives drugs;52000;0.11;0.15;46280;6942;3.4
TRX1433222;10/04/2023;35044;Kimia Farma - Apotek;Ciamis;Jawa Barat;4.3;Stephanie Weaver;KF299;Psycholeptics drugs. Hypnotics and sedatives drugs;52000;0.11;0.15;46280;6942;3.2
TRX2961027;16/03/2022;62707;Kimia Farma - Apotek;Mataram;Nusa Tenggara Barat;5;Laura Morgan;KF299;Psycholeptics drugs. Hypnotics and sedatives drugs;52000;0.11;0.15;46280;6942;3.2
TRX8402604;20/06/2023;70595;Kimia Farma - Apotek;Garut;Jawa Barat;4.9;Tracy Hall;KF299;Psycholeptics drugs. Hypnotics and sedatives drugs;52000;0.11;0.15;46280;6942;4.8
TRX4367380;20/03/2021;90214;Kimia Farma - Apotek;Pontianak;Kalimantan Barat;4.2;Katherine Larsen;KF299;Psycholeptics drugs. Hypnotics and sedatives drugs;52000;0.11;0.15;46280;6942;3.9
TRX1149110;02/08/2022;17476;Kimia Farma - Apotek;Jambi;Jambi;4.5;Briana Andrews;KF299;Psycholeptics drugs. Hypnotics and sedatives drugs;52000;0.11;0.15;46280;6942;3.6
TRX1433222;10/04/2023;35044;Kimia Farma - Apotek;Ciamis;Jawa Barat;4.3;Stephanie Weaver;KF299;Psycholeptics drugs. Hypnotics and sedatives drugs;52000;0.11;0.15;46280;6942;3.2
TRX8774200;14/07/2023;63815;Kimia Farma - Apotek;Sukabumi;Jawa Barat;4.7;Deanna Reed;KF299;Psycholeptics drugs. Hypnotics and sedatives drugs;52000;0.11;0.15;46280;6942;4.9
TRX7368857;18/08/2022;63214;Kimia Farma - Apotek;Tarakan;Kalimantan Utara;4.5;Thomas Baker;KF299;Psycholeptics drugs. Hypnotics and sedatives drugs;52000;0.11;0.15;46280;6942;4.6
TRX3360286;26/12/2021;98581;Kimia Farma - Apotek;Subang;Jawa Barat;4.5;Monica Austin;KF299;Psycholeptics drugs. Hypnotics and sedatives drugs;52000;0.11;0.15;46280;6942;4
TRX9623745;09/11/2023;90734;Kimia Farma - Apotek;Sukabumi;Jawa Barat;4.6;Bailey Huff;KF299;Psycholeptics drugs. Hypnotics and sedatives drugs;52000;0.11;0.15;46280;6942;3.2
TRX4977284;06/05/2021;47342;Kimia Farma - Apotek;Padang Sidempuan;Sumatera Utara;4.3;Charles Morgan;KF299;Psycholeptics drugs. Hypnotics and sedatives drugs;52000;0.11;0.15;46280;6942;4.3
TRX6030257;10/01/2023;36671;Kimia Farma - Apotek;Deli Serdang;Sumatera Utara;4.9;Sarah Morgan;KF601;Psycholeptics drugs. Anxiolytic drugs;512000;0.14;0.3;440320;132096;3.2
TRX4235992;25/08/2022;61764;Kimia Farma - Apotek;Kupang;Nusa Tenggara Timur;4.7;Jeanette Torres;KF601;Psycholeptics drugs. Anxiolytic drugs;512000;0.14;0.3;440320;132096;3.6
TRX4679385;26/05/2020;48388;Kimia Farma - Apotek;Palangkaraya;Kalimantan Tengah;4;Miranda Ruiz;KF601;Psycholeptics drugs. Anxiolytic drugs;512000;0.14;0.3;440320;132096;4.8
TRX4235992;25/08/2022;61764;Kimia Farma - Apotek;Kupang;Nusa Tenggara Timur;4.7;Jeanette Torres;KF601;Psycholeptics drugs. Anxiolytic drugs;512000;0.14;0.3;440320;132096;3.6
TRX8343218;20/01/2022;84935;Kimia Farma - Apotek;Palangkaraya;Kalimantan Tengah;4.2;Mary Walsh;KF601;Psycholeptics drugs. Anxiolytic drugs;512000;0.14;0.3;440320;132096;3.1
TRX9043294;08/05/2022;32332;Kimia Farma - Apotek;Malang;Jawa Timur;4.1;Jeffrey Williams;KF601;Psycholeptics drugs. Anxiolytic drugs;512000;0.14;0.3;440320;132096;4.8
TRX7353295;29/11/2020;58103;Kimia Farma - Apotek;Karawang;Jawa Barat;4.7;Shawn Thompson;KF601;Psycholeptics drugs. Anxiolytic drugs;512000;0.14;0.3;440320;132096;3.7
TRX6215176;02/05/2021;18306;Kimia Farma - Apotek;Manado;Sulawesi Utara;5;Elizabeth Baxter;KF601;Psycholeptics drugs. Anxiolytic drugs;512000;0.14;0.3;440320;132096;4
TRX7747254;08/08/2022;22280;Kimia Farma - Apotek;Batam;Kepulauan Riau;4.5;Michael Thompson;KF601;Psycholeptics drugs. Anxiolytic drugs;512000;0.14;0.3;440320;132096;4.2
TRX3630645;25/04/2021;41261;Kimia Farma - Apotek;Deli Serdang;Sumatera Utara;4.6;Kathy Beasley;KF601;Psycholeptics drugs. Anxiolytic drugs;512000;0.14;0.3;440320;132096;4.8
TRX7171754;25/10/2022;95541;Kimia Farma - Apotek;Jambi;Jambi;4.8;Jeffrey Moon;KF601;Psycholeptics drugs. Anxiolytic drugs;512000;0.14;0.3;440320;132096;3.1
TRX9941293;06/04/2021;34844;Kimia Farma - Apotek;Lubuklinggau;Sumatera Selatan;4.1;April Rocha;KF601;Psycholeptics drugs. Anxiolytic drugs;512000;0.14;0.3;440320;132096;3.3
TRX4389800;07/02/2020;76351;Kimia Farma - Apotek;Palu;Sulawesi Tengah;4.4;Kimberly Perry;KF601;Psycholeptics drugs. Anxiolytic drugs;512000;0.14;0.3;440320;132096;3.8
TRX6085379;09/02/2023;39523;Kimia Farma - Apotek;Garut;Jawa Barat;4.3;Adam Schroeder;KF601;Psycholeptics drugs. Anxiolytic drugs;512000;0.14;0.3;440320;132096;4.4
TRX1205638;03/03/2021;15917;Kimia Farma - Apotek;Semarang;Jawa Tengah;4.8;Christine Hayden;KF601;Psycholeptics drugs. Anxiolytic drugs;512000;0.14;0.3;440320;132096;3.5
TRX7710437;07/05/2021;26269;Kimia Farma - Apotek;Garut;Jawa Barat;4;David Miller;KF601;Psycholeptics drugs. Anxiolytic drugs;512000;0.14;0.3;440320;132096;3.9
TRX6215176;02/05/2021;18306;Kimia Farma - Apotek;Manado;Sulawesi Utara;5;Elizabeth Baxter;KF601;Psycholeptics drugs. Anxiolytic drugs;512000;0.14;0.3;440320;132096;4
TRX7566765;26/10/2021;61344;Kimia Farma - Apotek;Padang;Sumatera Barat;4.7;Joyce Williams;KF601;Psycholeptics drugs. Anxiolytic drugs;512000;0.14;0.3;440320;132096;3.1
TRX6001044;30/11/2023;63673;Kimia Farma - Apotek;Sorong;Papua Barat;4.8;Rodney Silva;KF601;Psycholeptics drugs. Anxiolytic drugs;512000;0.14;0.3;440320;132096;3.2
TRX8401812;04/10/2021;53959;Kimia Farma - Apotek;Ternate;Maluku Utara;3.9;Tammy King;KF601;Psycholeptics drugs. Anxiolytic drugs;512000;0.14;0.3;440320;132096;3.8
TRX9149553;07/04/2020;69761;Kimia Farma - Apotek;Subang;Jawa Barat;4.9;Megan Stewart;KF601;Psycholeptics drugs. Anxiolytic drugs;512000;0.14;0.3;440320;132096;4.4
TRX7710437;07/05/2021;26269;Kimia Farma - Apotek;Garut;Jawa Barat;4;David Miller;KF601;Psycholeptics drugs. Anxiolytic drugs;512000;0.14;0.3;440320;132096;3.9
TRX9043294;08/05/2022;32332;Kimia Farma - Apotek;Malang;Jawa Timur;4.1;Jeffrey Williams;KF601;Psycholeptics drugs. Anxiolytic drugs;512000;0.14;0.3;440320;132096;4.8
TRX2783917;29/10/2022;30970;Kimia Farma - Apotek;Purwakarta;Jawa Barat;4.9;Jason Norman;KF601;Psycholeptics drugs. Anxiolytic drugs;512000;0.14;0.3;440320;132096;4
TRX7747254;08/08/2022;22280;Kimia Farma - Apotek;Batam;Kepulauan Riau;4.5;Michael Thompson;KF601;Psycholeptics drugs. Anxiolytic drugs;512000;0.14;0.3;440320;132096;4.2
TRX9476095;28/02/2020;85549;Kimia Farma - Apotek;Ciamis;Jawa Barat;4;Derek Marshall;KF222;Anti-inflammatory and antirheumatic products. non-steroids. Acetic acid derivatives and related substances;64000;0.14;0.15;55040;8256;3.4
TRX6725391;25/08/2020;58132;Kimia Farma - Apotek;Padang Sidempuan;Sumatera Utara;4.5;Rachel Johnson;KF222;Anti-inflammatory and antirheumatic products. non-steroids. Acetic acid derivatives and related substances;64000;0.14;0.15;55040;8256;4.9
TRX6344926;06/12/2021;14469;Kimia Farma - Apotek;Purwokerto;Jawa Tengah;5;Michele Smith;KF222;Anti-inflammatory and antirheumatic products. non-steroids. Acetic acid derivatives and related substances;64000;0.14;0.15;55040;8256;3.9
TRX7125185;06/03/2020;96172;Kimia Farma - Apotek;Tangerang;Banten;3.9;Ashley Smith;KF222;Anti-inflammatory and antirheumatic products. non-steroids. Acetic acid derivatives and related substances;64000;0.14;0.15;55040;8256;3.2
TRX9218548;25/03/2022;42307;Kimia Farma - Apotek;Dumai;Riau;4.6;Keith Young;KF222;Anti-inflammatory and antirheumatic products. non-steroids. Acetic acid derivatives and related substances;64000;0.14;0.15;55040;8256;3.2
TRX8153065;03/10/2020;96304;Kimia Farma - Apotek;Banjarmasin;Kalimantan Selatan;4.8;Sherri Flores;KF222;Anti-inflammatory and antirheumatic products. non-steroids. Acetic acid derivatives and related substances;64000;0.14;0.15;55040;8256;3
TRX8351574;22/07/2022;30247;Kimia Farma - Apotek;Pariaman;Sumatera Barat;4;Marcus Johnson;KF222;Anti-inflammatory and antirheumatic products. non-steroids. Acetic acid derivatives and related substances;64000;0.14;0.15;55040;8256;4.4
TRX3689752;16/04/2023;35572;Kimia Farma - Apotek;Purwakarta;Jawa Barat;4.6;Suzanne Moore;KF222;Anti-inflammatory and antirheumatic products. non-steroids. Acetic acid derivatives and related substances;64000;0.14;0.15;55040;8256;4.9
TRX8588269;08/02/2022;85216;Kimia Farma - Apotek;Purwakarta;Jawa Barat;4;Vanessa Farmer;KF222;Anti-inflammatory and antirheumatic products. non-steroids. Acetic acid derivatives and related substances;64000;0.14;0.15;55040;8256;4.7
TRX7455520;02/10/2022;71355;Kimia Farma - Apotek;Ciamis;Jawa Barat;4.2;Zachary Pollard;KF222;Anti-inflammatory and antirheumatic products. non-steroids. Acetic acid derivatives and related substances;64000;0.14;0.15;55040;8256;3.2
TRX7455520;02/10/2022;71355;Kimia Farma - Apotek;Ciamis;Jawa Barat;4.2;Zachary Pollard;KF222;Anti-inflammatory and antirheumatic products. non-steroids. Acetic acid derivatives and related substances;64000;0.14;0.15;55040;8256;3.2
TRX3689752;16/04/2023;35572;Kimia Farma - Apotek;Purwakarta;Jawa Barat;4.6;Suzanne Moore;KF222;Anti-inflammatory and antirheumatic products. non-steroids. Acetic acid derivatives and related substances;64000;0.14;0.15;55040;8256;4.9
TRX1222798;14/02/2021;88832;Kimia Farma - Apotek;Jakarta;DKI Jakarta;4.2;Lisa Mitchell;KF222;Anti-inflammatory and antirheumatic products. non-steroids. Acetic acid derivatives and related substances;64000;0.14;0.15;55040;8256;3.7
TRX4357441;05/07/2022;56380;Kimia Farma - Apotek;Gorontalo;Gorontalo;4.1;Amanda Martinez;KF222;Anti-inflammatory and antirheumatic products. non-steroids. Acetic acid derivatives and related substances;64000;0.14;0.15;55040;8256;4.9
TRX5632551;10/07/2020;42922;Kimia Farma - Apotek;Palangkaraya;Kalimantan Tengah;4.1;Erica Brown;KF222;Anti-inflammatory and antirheumatic products. non-steroids. Acetic acid derivatives and related substances;64000;0.14;0.15;55040;8256;3.3
